,resource_state,name,distance,moving_time,elapsed_time,total_elevation_gain,type,sport_type,workout_type,id,start_date,start_date_local,timezone,utc_offset,location_city,location_state,location_country,achievement_count,kudos_count,comment_count,athlete_count,photo_count,trainer,commute,manual,private,visibility,flagged,gear_id,start_latlng,end_latlng,average_speed,max_speed,average_cadence,average_temp,average_watts,max_watts,weighted_average_watts,kilojoules,device_watts,has_heartrate,average_heartrate,max_heartrate,heartrate_opt_out,display_hide_heartrate_option,elev_high,elev_low,upload_id,upload_id_str,external_id,from_accepted_tag,pr_count,total_photo_count,has_kudoed,athlete.id,athlete.resource_state,map.id,map.summary_polyline,map.resource_state
0,2,The Velo life,109662.0,12963,18688,603.0,Ride,Ride,10.0,9948663982,2023-09-30T06:52:14Z,2023-09-30T07:52:14Z,(GMT+00:00) Europe/London,3600.0,,,United Kingdom,63,32,1,9,0,False,False,False,False,everyone,False,,"[51.430744137614965, -0.35636667162179947]","[51.43106432631612, -0.3574307542294264]",8.46,13.931,79.0,12.0,186.0,932.0,212.0,2411.6,True,True,117.2,159.0,False,True,92.0,-1.0,10661677062,10661677062,2023-09-30-065213-ELEMNT BOLT 184C-85-0.fit,False,23,1,False,2433729,1,a9948663982,ca|xHhrdAxCoOsa@mOkRqLeN{QiUub@rE`FzNp[vRdUns@f[ba@xYtSbDf[o@rHvLnH|IDz`@lDfDpIr[`BdPLd`@mAl]Xj`@nBnRhYtuAnHdT`OpUnEjMjOnLfHnOp@lL`GnYxNjc@zItf@lB|_@iI`YuAbU|Ihv@r@xXw@p^}Bfh@`Kdb@CjPaMpv@zCrNgM|c@kJlCWvEkH`_@lTbi@eB~L`@|KsC~j@|K~@fFaJvDjC^vAqBbD~HfMbEpN|BjYfCxIjCzVgOrKyQ~BgNbJcEHCpWyL|`@yJjQyPyJoLpb@sBzc@mJ`l@qJz`@yEno@|Nb\gK`[cC|OjAzw@jCpTc@lOqE`\n@bIiFqCkDtCwGhMeErP}BfNh@tLy@z^{G`IcLhCkQeEkQ`@gR~PuJrg@{QjMuYfGiBdEmPkMqN`Bse@tt@eJfDb@`GcFpH_k@tc@k`@jm@}FrSsRpQkEvPaAtJs@~kBjIvqFqN`wB~Bl]m@tYlBdXrAlt@kBjUdEfVhIfFxJ|d@iCdUDbV_FrQpAjf@Ytb@jIb|@kExQcFvg@kFfI{E|BwKx`@cK|IkEdPc@nLsJbLmIzg@yK|Kse@|EwNhFkWqD}ZdEicAuLqA`EfAbEw@gFbAaDzaAjLl\cEvWnDlFcEnk@wElLiJcQyg@vAkg@cHoJaBcPGs`@hC_NxCqE~@aJ_Dw]mM}n@m@}UbDo\zAeFhFkDdBwa@kE_w@eKm~@K{QaKsiBnCcUxJcNvPsMfIeWvAiLmA{b@cHeaAqO__@gJq`@vCoNdAor@bFiXfGcs@tL}m@jA{XHso@bH_f@|Bgi@aRq_Aq^eIlBsXmEwX{Biu@Cel@dHcmAq@kNdTbEhFoDpPwg@xB}BlSe_A|KFvGwJ`Y{}AoBmKlNkLzu@k{@xHaCjGgGpCgErFkTv\mc@bHkUfJcNhBg[fC{RfX{fAzEqINi\tLemAx@}CfFuClEqLrLqLhMkCpt@pJn\eWj]sT`VsFvXdIfWn[pCqVxCmGXgF~JeCbL_d@wCaNbKsi@tAcYeL_e@bEckAw@}UwIyy@hCiYpGiPoAu^yGy]mDsHEeFeLq^}F_Y_AmM}G}NoOsLyEyMmNmT{HeUk[g`B}@}h@rA}^{@ah@gK_c@{DgDMwZxD{c@pJqb@r_@oaAuIaHf@qRqK}AqGrE}DuIi{@eNkClHsXsAaBrH_@jUiHbv@gErUqFBQ`JsDjQ,2
1,2,Afternoon Ride,28374.8,3495,3579,261.0,Ride,Ride,,9936913537,2023-09-28T12:23:31Z,2023-09-28T13:23:31Z,(GMT+00:00) Europe/London,3600.0,,,United Kingdom,48,12,0,1,0,False,False,False,False,everyone,False,,"[51.43150328658521, -0.35902666859328747]","[51.43105803988874, -0.35739848390221596]",8.119,15.364,80.1,17.0,213.4,993.0,259.0,745.7,True,True,127.2,170.0,False,True,69.0,16.4,10649438700,10649438700,2023-09-28-122330-ELEMNT BOLT 184C-84-0.fit,False,30,0,False,2433729,1,a9936913537,us{xHf_fApAvAELD\TBlBc@rC_AnDg@lDqAbDu@vBgBrCqA^a@^cAbBeGTsAV}BLYJE`DXrH@jBMnDy@fFMv@Nz@\j@\rDzCxGpC\Df@QvBqBReA`@mE\eCpCmMjA_FfAwFf@qB|FgPtEyKzA_GjBcF`BwDjGyL^{@D[As@Qk@aBuAiEkCU[Gg@DgAd@cEPuBZ{FNiEBaEs@mUwAgWsAoYYeD_@uBe@qBsI}ZsBoLeBkIiAkEg@u@K]Ee@T_Bh@mMA{AQw@cBoGuAqBoAeAc@{@Ic@Ei@JwCCg@OYcAi@Ya@aBgEoAyD_@{@KKk@BuAb@o@\}@TsFr@a@GUm@eKcg@[iBSeCBw@PqAAsAc@sEWqGiB}SIm@IMoBF}AGoKaB{ABsEd@{BXuA\_FtC_D`AmCpAiFj@wBp@mALqAGcAi@m@o@sBwCi@c@i@Ky@Hc@Lc@XyGjFkGvGaCpCu@n@e@V{@V_AJ}EGaETyErB_GpDoBl@{BR_B\_FrC_HpCiB`@_GNcANuFzBY?GOAc@hCwQ`@eEh@{HNqDF_DAeKGcESuC_@cC{C{LoA_HoAyIkByOm@qGY{Do@sLWeLAcEDyBdEk@hEs@lEiAvE]dEoAfCEdDZlA@pBYtBk@`ACfA\x@l@jA~AfCfEz@r@xB|@xAZpBIzACVWb@mATc@h@k@lBwAl@o@v@cAZeAJ_AJmJXsL^aHfAaNCUKO_@Q{JIgA[{AgAo@[yGYkD_AkAOoF[eCAyDF_H\gC?yDg@gImBoC]wADyBl@{CjAoAv@s@t@e@r@c@`AGj@Dd@`C|KvAzKdAxJ\`Ed@bJG`KNrKb@vJ~@rNrBtQvAfKh@bDx@fE`DjM^xCJfBH~H?nFEjC]~Hy@dKqBtPG|Bm@dCSf@?JLRRBvCOlA^xF`FrBvBNRDTITYPmC@sBL}Bb@_Bn@yAdAuBnCwC|A_An@mBvBgBlAcC`AiEz@gGfCaE|@mAbAcBzBgCjCKRbH|Ot@tAlDtHpCvHXTv@HZ\xAlEb@l@x@HzB]ZDTVJb@j@hE^hBj@nDp@nFx@lIj@vCT|@Zv@rCtFpBrFzFxMjAdEbClHdBxBt@Pj@f@hApBz@|BNp@NlAj@jHPpFa@tMA`DFpGZzD|@jFVz@bDbE~BbEhCbFbDbIlCxFlCjDbHvJd@f@~FzDjEzCh@LfC|AxThGtAn@jDvBlCvAH\CNsBnHgAzG,2
2,2,Zwift - Greater London Flat in London,12454.5,1369,1369,53.0,VirtualRide,VirtualRide,,9925651530,2023-09-26T17:34:47Z,2023-09-26T18:34:47Z,(GMT+00:00) Europe/London,3600.0,,,United Kingdom,0,5,0,12,0,False,False,False,False,everyone,False,,"[51.50607515126467, -0.13011915609240532]","[51.502328692004085, -0.1393225695937872]",9.098,12.832,90.3,,171.9,307.0,185.0,235.4,True,True,125.3,137.0,False,True,31.4,11.2,10637657236,10637657236,zwift-activity-1441506908996386816.fit,False,0,4,False,2433729,1,a9925651530,}wjyHflXBXJ^vJh[jJzZT~@BT?VObAGj@A~Gk@j`@KfJ?dBDPHDDIBO@_@@{Ij@i_@DoFA_C@s@Pk@JQNKNCP?p@DNCNK~CkDJOHUBY{@_PqBwb@@qBh@iO@}CDWHSLMPENAzELr@AdAYlBk@d@Id@ErCE`Fm@rDi@bAEvAKhFIpB@x@FjAZb@Rb@XfDrCrDtC\^h@x@l@xA|A|EVl@d@~@j@x@~AvA^X~C~Ap@d@\^d@~@\fAVlA\dC~@~JfBxPb@~CJlBBnBAtAKpAcBzPShCOjCYtHEvA?vADbGAnBIrAUjAWh@oBjDiGbMgGfLmEdI]P]JiB\{ANkAb@OBOAMIKSMiAISMKQEOBOHIR?XDt@At@ITOJeAVsCXy@LgNnCwCb@MJGT?ZLtCAVETINMJgAb@MJINIj@DdAATq@lGKh@i@hCOb@[n@WRMBK?MEKI}AgDk@gAmAaBaD{De@s@]_A}@cEk@oEMmAKkBKgEKuBaAyLm@eFEeACsECcBO{BYmBOo@a@wAeB{Ea@}@gAgByAcDgB}EgD{HmC}GoAeD{@gCI]C_@BOFKtF_F~D}Df@c@PUD_@G_@aBiFi@oB}CyLgCoJg@qBKo@CY?u@t@}MBYHWLMNCNDLHXb@Th@rDxLdJbZ|IrY,2
3,2,Zwift - TTT: Zwift Racing League | WTRL - Open EMEAE North East B1 on Roule Ma Poule in France,29142.7,2565,2565,263.0,VirtualRide,VirtualRide,,9925433462,2023-09-26T16:48:17Z,2023-09-26T17:48:17Z,(GMT+00:00) Europe/London,3600.0,,,United Kingdom,3,9,0,11,0,False,False,False,False,everyone,False,,"[-21.736931316554546, 166.18162963539362]","[-21.718926317989826, 166.1932293511927]",11.362,19.978,94.8,,272.5,761.0,304.0,698.9,True,True,152.1,173.0,False,True,120.8,10.4,10637433064,10637433064,zwift-activity-1441479187985612848.fit,False,1,4,False,2433729,1,a9925433462,zntcCejhu^s@P]UcHmXBsAfAkD@yBm@}FkDmSy@aTQcAaA]_F~@eBk@_JqJuGkM_FuEgBcAcKwBaFcBgBCcBnBfApAHTIT}CW]@IZ|GhDVR@^o@`@kJb@]FMZn@d@zMdDB^_HnE}CtA]p@F\n@^lOrB?`@]P{FnBC^`DtE\bBDfBa@~AoAhBwD~BwAVwAKaHsFsAAyBh@cAWa@a@g@yAK}Bs@o@iByEe@W{Br@cB`CaJtAy@c@{@cCBo@n@oAIo@w@e@{@`@_@zAaD`BgFxAyAM{@`@wB~FiAfEBl@`AdBDp@}AhBs@zEaB`ASj@J|AzB|FDn@Y|@cAf@cEqAuAJa@n@GhEUx@aAZcCgAu@Bc@n@OrB{@r@mAYmCaCu@?kJhOR~@|EpCJv@}@|C\j@zAp@Vr@_@n@}A`AGZ\n@~BdAJ\Iz@e@l@s@ZkJCyBv@cBrByAV_Bt@_@hBuCp@Ml@HvCOn@gFjBu@hAIdANfAt@lArEhCNj@OpCn@lAlPvCtClC|Af@nJ~AlKl@vDvDNdAQtBl@p@|NA|CVLdAG~AuF~FC|CY|B[`Bm@nAeA`A?dBFVj@PfNElBPnDpIbBp@p@lAIxDeBvFVbB~AjAhBXnFoApCXjBrAv@|B|B|Bl@pAvDjDbAZzAOfBw@tEa@dBNnCi@zD{AhDm@bC}@~EkDpAk@j@B|B|@jCHh@MjAwAvASnDbAnGpDnJB|Bk@h@B~N|BvGzBl@v@DhAVh@fCLXd@@~AgBzAMn@Ll@vBjAdEx@z@hBj@NpB{AxAMf@{@f@WzAFpAj@|@Yt@oAVeAm@iC?o@~A_AZ_A_@oBcAmA{@EiEnA{@[Ok@HqCxCiEQuBdDy@T_AG{AsDqCsJ}MYcAYqCi@yAoD{BkAqB{HmHm@mAFiN\}@xBaB~AoEZmB@cGQeDu@_DsGcLOcAb@}@hEeFHgAwCmLiE}M{Kub@@oAhA{DAmCg@{EmDcS}@yTQaAw@YcE|@oBSoJyJcGuLgG_G{BgA}IgBiFiBsAGk@PiAvAH`@z@z@Df@sDUSL?XjHjDFp@i@XeKh@SN?XdOzDJXe@j@mGxDsCnAWf@Nl@f@RrOxBEZWNgGzBLl@bC|C^hATdCYfBkAlB}ArAcCbA}ALwA_@wF{EuAC}Bh@q@Kw@w@k@kC,2
4,2,Zwift - Volcano Circuit in Watopia,8128.8,839,839,39.0,VirtualRide,VirtualRide,,9924957479,2023-09-26T16:24:48Z,2023-09-26T17:24:48Z,(GMT+00:00) Europe/London,3600.0,,,United Kingdom,0,3,0,5,0,False,False,False,False,everyone,False,,"[-11.639108816161752, 166.94482698105276]","[-11.639166064560413, 166.93994695320725]",9.689,14.008,90.1,,214.5,464.0,221.0,180.0,True,True,119.9,143.0,False,True,14.8,2.2,10636944362,10636944362,zwift-activity-1441469675295752192.fit,False,0,1,False,2433729,1,a9924957479,lg`fAcl}y^zBpGj@zA\r@XZVJJ?XGXIb@UXI`BWh@C^@\FpA^r@Fr@@l@GZKxAeAl@Sr@E`@@LFVVZj@\h@HN@NGNUZq@n@UXOHO?eAUY?e@JkBp@a@`@y@`BI^AN@`@Hh@Nj@Vj@TZLH^NNBPAPCZUd@m@NKRER@jAb@RDPCPIZ[rAgBPa@XeANa@LKNER@`@H^NXVNb@RtAFR\d@zArALTHTDn@ATQj@gCxEW^]Zo@^YZMb@UzAQt@INWZy@l@oAj@q@Ta@Hu@?{AQw@EQ?a@NQBOKAOJKf@Uf@KrAIJAFGBI?KCKISQQWGYBYFsD|AOBQ?OCm@WWYoBaBIIG]?_@Bo@F_@FMLGv@CRGHQ@UCsAL}@?SEg@WwBESIO[]QIQGQASFo@`@QDe@ASDMJIPSt@INOJOHe@DS?QGMMIOOc@g@mBi@aAEQCQFe@Lc@Zo@`@m@x@o@JOJc@De@FOHOh@g@n@a@bBw@PGhAQhAIR?d@F`Bb@z@Dx@Ab@INGtAaA`@Ot@Kd@?PDNHJLZp@b@j@DPAPU\u@r@W\OFQ?}@UOA[BwBr@[RKJSZi@jAK`@CN?`@Jn@Pj@Xl@JN\Vb@HP@PENIt@{@PKTCRBlAd@T?PE\YdAsAT]N_@XeANa@JKPEP@P@`@L\RJLNb@L|@Ll@\d@|AtALTHTBp@Mn@}CzF]^u@b@[^Of@_@|BSb@[\a@Xs@`@iAb@e@LSBg@@cBQ{@GS@c@NSAKMDO\Sl@QzAKNCFI@OAMOYWQOA_@Fm@RmChASFS?]K_@Qc@a@aBsAOQEY?i@Dk@F[FMNEt@CPGHQ@SAqAJ{@?e@_@{CGQIO[YQIQES?OFo@`@QBg@?QDKLa@jAKNQHSFSBSASEOMKQ}@{C,2
5,2,Club run + hills,125343.0,15602,22729,1164.0,Ride,Ride,10.0,9904417183,2023-09-23T06:19:46Z,2023-09-23T07:19:46Z,(GMT+00:00) Europe/London,3600.0,,,United Kingdom,90,46,0,9,0,False,False,False,False,everyone,False,b12428868,"[51.43126264214516, -0.35810750909149647]","[51.43121033906937, -0.35786284133791924]",8.034,18.434,77.7,10.0,178.1,1196.0,220.0,2779.1,True,True,118.2,165.0,False,True,199.0,5.6,10615332256,10615332256,2023-09-23-061946-ELEMNT BOLT 184C-83-0.fit,False,36,3,False,2433729,1,a9904417183,}a|xHfudAnD}R{t@q\se@yv@sAam@}AqRwI{KqUim@yHch@qF_@uEaHaTsf@dRe]fRuMbMsQnTiDtg@eT|Oo@bYeWpMxGt_@qLhUIsDk_@wPcMun@u`A_HuCu@uYaJqa@wg@kH}x@k@qFfHjI|k@~Cl`AnN~|@CfWcEng@|SkDpg@eTtPy@nX}V`NzGp_@wLrUm@eF{_@sOoKqn@q`AgHeDq@gYaJ}a@_wA}LuLlDoCfFhIvl@|Bty@nOxbASt\{F`i@tGt@nJ|JiNvBuQrO{Z|JuG~HxS|f@`FlHpFZ|Gjf@tPr`@`FjA|BvNqSvMiVpb@sBaOvBrNiAlFnBrUpGr\h[x`AhQfZ|q@|sBbTvyAjOpp@hFnIpd@r]|Pjs@zHfOeElWwV`yDkBls@iD~YsIhl@wV~s@mDpl@}Qza@yMzg@eFnCsD|IuK||@qBv_AoNb]nBxFvXvMlZt`@fD@\aGgDm@aFtJHzr@|BvXjDhJxPfQdVb|@zPhd@hMgNdI~@|KzF~QrTvZfB~MrIxFdMjn@zX`OqFvGmHnFyPfO{Jf_@jXnQ`r@l^ho@z@pMxLde@jBbe@tHji@lEhcAtDpSnDxz@pSzs@jV~f@`DiBpNtPph@tOnRjS~I`CbGsFrNmt@jL_Y{B}j@mJsUsDyd@zAaVcDedAvC}q@iEqTJwMpL{@e@{NzF_K~Gu^r`@c_AjFo[hJ}Uh@qLuHhD|HgF|C{f@fEwNlLeHj\kCtXeWyCcPwUgi@Zcd@~dAe\~\`HvJkRr_@T`DdTtNeBh\nOjF_KnNwu@dZon@rNwJnHua@lTcf@bj@sNb[qO|_@w@xOiInX?p]jLlK}Iu@_MqRay@aBsp@dFxBlQ{LrI}@~t@uz@pe@m\iGaKeCw[qG}K}BkMuDia@b@gPqb@cg@}RyHcKuWsCwUsRaRqGqR~HvD~ZgPfDoDtAyKlTaN`HgXvLsVPcn@is@aGef@}OsHjBq^wPkQnCsXoEsy@d]eUzPar@hcAm\n\sc@iRuIcKs\Bwe@_TiJvB}f@wKc\~KiGiGqKnHgLiCsC`SsIfMgHi\cNcd@a`A}rBadAop@m\ct@mPiKg[k\e_@lQyUtCiBqDyC{w@iJ{a@ia@vEgBc_@ww@_@}TmCeF_HsFeZg\mRr@iRcLeBeGtEoEaJ}z@yMqCnHmXwAsBf]aHzt@_Mf|@,2
6,2,Tired,26268.9,3550,3659,212.0,Ride,Ride,10.0,9891990365,2023-09-21T10:37:29Z,2023-09-21T11:37:29Z,(GMT+00:00) Europe/London,3600.0,,,United Kingdom,2,14,0,1,0,False,False,False,False,everyone,False,b12428868,"[51.43112945370376, -0.35757165402173996]","[51.431089052930474, -0.3575926925987005]",7.4,16.258,81.8,16.0,175.2,542.0,186.0,621.8,True,True,104.8,122.0,False,True,74.2,23.8,10602309993,10602309993,2023-09-21-103728-ELEMNT BOLT 184C-82-0.fit,False,0,0,False,2433729,1,a9891990365,}a|xHludA~@_HvBmIHKVFzBtAJCBKdAkIb@aEhBmJlAuHLoAx@iPb@gF^cEp@yF@c@JaA^eB`@eCLQTEbF~@fAEpBq@t@c@zAsAj@eA|ByHtDoJJg@H{@t@aAZ}@LcADm@RmIrBuVb@qBxAaFnBqJz@}CpAiFr@cCzCeIz@}DZg@n@e@lFwDxD_CX[Ta@Pm@hBqKPi@nF}DbFqHRa@BQCSa@sAi@y@G_@XeB@s@f@qLC{@a@yAq@wAgBoFoA{@y@cAMEm@FyBj@mALkBCk@QOYi@c@qEcBUUO_@cBcJ]}BO{A{Kui@[yC@q@N{ABw@a@kFWyGe@gFkAcNCSIIeBH{BKyJ_BqBBqBPwEl@eAVoFzCqCx@_DxAcFh@gCz@u@FcAGcAe@eAaAmBmCg@_@w@I{@Jg@Pe@ZoHhGcHzHwAvA}@l@aBb@qGCeDRyCjA}IhFq@RuDd@sAZcCpAoBnA}FxBgCb@mH`@eAXkBbAsAXCYHw@jBiOt@_JZeFNoEFeFEeHGcDMyBY_CoDyN{@oEy@kF}CiWm@_H{@yOQ{FGuD@}HDuEa@gHYsDuA_NsAgKi@kCeByGB]h@iAd@s@l@m@dBiAfCaAzCy@vAAtBVtIpBbEl@rB@vJc@`GBxFZnATfCx@`HNl@VxAjAj@R`BTdGBbALVXBP?n@GbAOpAgA~N_@vOKfIKbAUz@y@pAmEtD[r@[dADfWLjD^~D`@`ClGlYn@dCx@hCzAfEjAdCvFnJpDdHlA|CpArDHd@ET}IjHqExEkDvDiAt@iB`@mGCoBJmARwFnCmDzBu@\kAZqEl@u@\gDpBgHxCyB^uFReALiFvBMJSd@c@lBQ\DL`@BvCKf@Fz@`@j@d@|@dAhA~@zChD\n@ANGJc@PoFXkDl@iAd@cAt@gC~CwD~BcA|@_AhAk@\aCjAmG|AmFpBgD|@oAr@yAtAuDvEGZD\|IfRv@rAnBzE`CzGXJl@FTTd@|@|@pC^p@j@N~C]VHRZ`A`GpAxJvAtMl@hDNd@^bAhBbDl@tA~BrG|E|Kb@lA|@pDHNzAzEjBbCdAXt@v@fA~Bp@tBVfBr@tJD`A@tAK~BA|CQfG@vFDdCPtBfArHLf@^j@tCjDvFvJ\t@tBzFhDrHpBdCfI~Kh@l@tH`FvI`F|KzCpAd@bDr@fBx@tD~B`CpADLC\gArDk@zBUhAo@hE,2
7,2,Zwift - Watopia's Waistband in Watopia,5128.7,627,627,6.0,VirtualRide,VirtualRide,,9881420957,2023-09-19T17:55:06Z,2023-09-19T18:55:06Z,(GMT+00:00) Europe/London,3600.0,,,United Kingdom,0,2,0,49,0,False,False,False,False,everyone,False,,"[-11.637080311775208, 166.97162023745477]","[-11.64499282836914, 166.9995370041579]",8.18,10.156,80.9,,121.7,251.0,129.0,76.3,True,True,109.9,118.0,False,True,16.2,12.8,10591250736,10591250736,zwift-activity-1436443882085679136.fit,False,0,1,False,2433729,1,a9881420957,vz_fAssbz^Mc@Se@Wa@]_@WOYIsAO[Ia@Y[q@{@wCk@cCGe@?YBYp@wCDg@AYIc@Ug@sAyBEWBa@R]RMTGV?~@LX@XEHGLYB[DyBFm@NYVQZG\?h@Dt@R~@^|@f@TRJZ?^Cp@@NJLLF`AHZPHJBPANy@xAGNAP?PL`@XVNHt@Jt@AvEa@^Od@c@l@q@Xi@H_@AOK_@o@cAGOGa@A_@H_@FMXUpAs@JKP[Po@Ds@As@Ga@Mq@YaAc@kAa@y@i@s@o@m@}@u@eAk@YSOYCO?_@J_ATiARk@Vi@VWLG\M|A]h@Y`@a@N[J_@Ho@@s@Eq@Oq@Q]UYeB{Ac@c@O]AODORYlA}@RWDO@OAOSk@CO?QF]j@eBxEcLnAiDXkAFmA@o@Eo@I]O[SWYQ]MwDgA[Qc@a@e@u@[{@Kq@A_@BQNm@Tm@xA}CxAoCf@iAj@yAT_BRWZQ\Kl@Mn@GN?\Ht@`@\J^?^Ch@WTWx@sBPYJGLGZCpAF,2
8,2,Zwift - Race: Zwift Racing League | WTRL - Open EMEAE North East B1 on Makuri 40 in Makuri Islands,40663.3,3861,3989,326.0,VirtualRide,VirtualRide,,9881314974,2023-09-19T16:46:26Z,2023-09-19T17:46:26Z,(GMT+00:00) Europe/London,3600.0,,,United Kingdom,3,16,0,27,0,False,False,False,False,everyone,False,,"[-10.766660738736391, 165.84518381394446]","[-10.76391315087676, 165.84521340206265]",10.532,20.532,87.1,,264.6,1259.0,307.0,1021.8,True,True,148.3,174.0,False,True,140.2,2.6,10591141348,10591141348,zwift-activity-1436406639073722368.fit,False,1,4,False,2433729,1,a9881314974,tzu`Aksfs^eBr@^hCwAf@wAkB{Ca@aDoBkBiDNgAlEx@|AQbAeAq@yBgHCaJfAwG~CwCsBG_DoDcC}AHaC|B{AiAy@\{LeDeDkBmCqDeEm@mE}Fe@uDhA}Ag@aAyEa@wErB{@tAeBQCsCuAuB~@wMeHiFqGNcGxDp@hMrE~Cs@lExBlH_@lBz@`BQzAnCvMEjJrCfJnEq@zIxSzBRtC`CfDEtAtDjBdBnF_D~EJl@nEdCrCM|AwCbDGlBt@vAxHpCnHMfBdDzHzCnIY~CmD~D_BbAd@PtCjAnAjGiAfEtDvDyAjIbFbF_@pDtFp@ThKm@pIvAtGw@zBqBfCgGdIuC`CwE{@oDhCcB|AiFJqEjEwCxECf@k@AsD}FeBk@cAhAyBHmCx@u@ZgFnDLj@~AMzArBo@}@oANmAvLRvBoAlDFpQjOfAyZdAkBzAk@hCVvIbLxGh@z@qEgEsHhDoQlBuAzBM~N|BbHfNjIxE|@`GiBvAh@`F{@v@lBdDoDjAWs@dAaA]iBeC@{@iBa@N[tEn@pAe@b@gBs@u@cL`B_Am@eCqCz@XzC{EfA]hIzAxA`Dr@nAvC|IuBlDbAhAdBfCrKzIrInCtI@xBlDw@xAbC}@vDfFOrAl@}ApDnArHqDvA@`BrBKaAaF`C}AjCNhC|D|C[hAfBaCnCW~HmDQ}DVd@vEk@~@wDmAmClNsElEPdGgAvAqB~Jv@MlA{EhAY~@p@[xCdAxB`BhAzBc@m@pDjBrBNdDlAr@h@`MzAjCqAtCbCjGpAT~FkCnC?b@`GhHYdD`FzDg@zErIyAx@gDuDoAVeBlBfBnCwA`CmEaDeGIeBpFiGrCyJ~JcCdGyEd@mCpDuNxBw@_A^yE}@iCJmAfBu@~BpBRpC_AxA}GSk@mAFsBkC{Ab@aH_DuMoG}EVcCxCkC_@oH{FgBaHxByBk@iFhFkBs@uBNaAkACyBrDsBkDoCw@_C^yAjB}AzBh@zAc@lB|DpBcAn@yBe@}@yEoARoCmAeBuAm@{BZkAyACqBrDmD]_FrAyC_GwBc@_CkDc@pAeFUeAsEmAsEx@wD{@sDrA{DUiAcBzA}CoByB}DnK}A\e@qCzBoCt@_H}@mCoDqCsDTYbGbAdIa@z@iA?q@k@e@mK}BuB}@wEuASaF`AqAeAOcEyGuA`@{CiDKyGcC{D_E}GhAiEWoCoL}EsDXwGqCqEnByBA{A_J_LaIyAuC{CFoCaAwDtAgD?cE}@[gGXaBeGmCkByAl@\lCwAj@}AkBmH_C,2
9,2,Zwift - Tempus Fugit in Watopia,11090.3,1123,1190,18.0,VirtualRide,VirtualRide,,9880720539,2023-09-19T16:20:42Z,2023-09-19T17:20:42Z,(GMT+00:00) Europe/London,3600.0,,,United Kingdom,0,4,0,58,0,False,False,False,False,everyone,False,,"[-11.63709070533514, 166.9715698622167]","[-11.658556843176484, 166.98388120159507]",9.876,12.65,90.2,,215.3,506.0,229.0,241.7,True,True,116.6,141.0,False,True,17.6,12.6,10590529052,10590529052,zwift-activity-1436396536169775104.fit,False,0,1,False,2433729,1,a9880720539,zz_fAisbz^Qm@Qa@Yc@c@e@e@S{AS]I[W[o@}@_DUcAUw@Gk@Bm@d@wBJm@B_@A]I]M[kAkBMWG[BYDMPSb@UZ?tANNALEJIFOF_@DkCFc@HOXUPE`@Cp@D~@VjAf@j@ZVXFN@b@Ev@DPLJNDv@F^RHLBPEPs@nAM`@?RBPHNJN^Td@Hx@@dFc@^Sf@e@d@g@Zm@FO@QAQOa@k@}@GQIc@AS@SFQHO\Y`Ag@ZYHONc@Hy@?g@Gy@Ig@]kAc@gAg@aAq@{@wAmAoAu@]WGOEQ@w@Ju@TcATq@R_@ZYNIb@MjAYb@Q^YLOHQNe@Hg@Bi@E_AKi@Sg@[a@aCwBKQIS?UHQLOpAaALOHQ?SS{@CS?SJi@j@}AvEyKnAkDLg@Hg@FqA@g@Ei@Me@Ua@MMs@]uDgAa@S][c@q@[w@O{@?g@Hg@Xu@tAwCfBmDn@yA^gAPkAFQLM^Sd@Od@Kf@ER@PBvAn@f@Bd@G`@SX[|@yBJMLKPGPA~ADb@Gb@M`@QZWJOVs@Lw@?w@Gc@O_@S[kB_CM[COF[NY^_@f@Yj@M^?\JXR`@f@`@l@dCnEd@r@\\PJPFT@RCPIl@g@JONe@PmAVu@P_@NKPCRBt@Rp@`@V^Ld@@RKxB@RDRHPNJlBz@LNHPDR?TCRGRMNQHoA\QHQJMPKPERGj@Al@FhFAnA]`Fo@dHI`B@f@DRRb@T^rCxCN`@Fx@LNPDTBpA?R@jA^f@Dh@Ef@KzEyAlCo@RCT?RF`@VLNHPNh@RjBZhFLbFCdBGf@IPW^_Al@MLKNEPGf@?z@B|@RlCTlAPb@JPLL`@Tx@Rf@?lAMRBPFn@^PDd@FlADRDb@NlAv@X\FNDPFlAJd@d@j@NJRFR?RGNMJQd@gAbB{FPc@Tc@LOPKRETAh@Jd@Tp@h@JPFRDxAFTPLTDT@lBEx@LPFZZ`@l@b@`ALLNHNBt@@t@G^Mj@[`@c@N_@Jq@@q@Ga@GOSYWUWQe@U[IWAs@J?A_Ad@UZi@hAOPKDWBK?_AMsAFi@AMCIIEMC[Ay@G[EMk@e@c@Ye@Q[EO?]FKFUTQZc@dAkA~D,2
10,2,TCC anniversary ride,134656.0,15713,19879,1120.0,Ride,Ride,10.0,9866941534,2023-09-17T06:46:02Z,2023-09-17T07:46:02Z,(GMT+00:00) Europe/London,3600.0,,,United Kingdom,56,47,0,8,0,False,False,False,False,everyone,False,b12428868,"[51.43113708123565, -0.35786837339401245]","[51.43116122111678, -0.35833658650517464]",8.57,21.931,81.6,16.0,199.5,851.0,224.0,3134.5,True,True,122.5,153.0,False,True,217.8,13.4,10576070815,10576070815,2023-09-17-064602-ELEMNT BOLT 184C-81-0.fit,False,21,1,False,2433729,1,a9866941534,}a|xHludArD{Rut@s\we@{v@}Bex@iEsNsN`Go[tf@}BwNvBtN{@|KpHlh@~]ngAt]vt@le@hyAvS`yAbOlo@fl@xh@dQht@hHbMa\`kEeJ||A_Hpe@}Vvt@iDzk@yP`_@{Ntj@wKzMkKtz@{B~aAiNb[vAlH~WbMzZba@nFiAi@eEwCE_GzQsDtBuUx_AgD`i@uS|e@k^df@eGrVeUxN{}@xbAqAvJeGsCuNbEwKuNyHaW{OeOuK{AwYrKsg@vy@qCr|@`Xjs@[v\uCj`Al@tMnHzB_H|gAfCf~AdEj[}AhY~]`IfR``AmCvi@aH|e@uAvhAyLho@_NbkAmA|q@sCzNlJ|`@rOf_@lJtdBiK~b@uShQiKzRw@~OdEnu@qV_H}^jTeLdq@eS|MiExVsIbGmDpSwSvGuHjNqYfVoDrHjKrMy\bOeN~T[n`@yFtEYb^aJxXaCxW{GtOeD~i@eF~VyZ|z@wGbHeNnBgZ~\eGr{@|KpvBuC~RWd^sUlAgX|o@kv@jpAeu@tp@wm@tZmd@lJcc@o@qSlIoQ{BgTeRwx@jCgGyJfBqUeGeN{Yr@y\uVeq@vx@cRnEgMlRkJkApD_XvPo[fFmVtKwaA|Tg~@pEqo@lYkiAiKi|@mJcc@cBeg@bGwNFcS~JgZxBg`@h^wTvR_UpNia@vY_b@rCsa@za@{h@vI{SdYaMvNaVpUwSbQw|@wAc]hI_^Q}VbWg\oEeKdOkObBdDiAeDxS}IhIvBfT~TdH{N`QdM`HcNhDkBbNxMxI{JhEfElMwAp_@k`Arc@s\tKyPPyLuRklApAiPdh@yd@xRc`@~TkTxSoFXyG`MkJh\sEbu@{p@n\qr@tl@guBqDnO|g@n`@fIrOpb@kNhEnHnw@~Nb@we@lFcYxS{QdF}Rda@on@br@_m@lk@dyAbZrNzIo^vLavAl@gt@t^yO|Kwh@nR_Rlc@|DdNaEjFiJOej@zI_`@xKiQ|F|BhEss@wE{nAnNcm@eOaZtF}p@hV_oAjBkc@bK{[~Jox@{Tsk@iEwf@`Ky]`Cmi@xH{K`Mo`@vU_SmKqXxImf@bKsCrKab@iCwObMqs@J}RwK}a@hEwhAyKqpAnCi[fGgOCkP}Dy\}Vy_A_Hue@iI}PmNeK{Uid@oa@agBwCoYVs`ByKgh@cEcEIm`@aR}Wcl@sAqf@g\sEtQ,2
11,2,Zwift - Eastern Eight in Watopia,35070.5,3657,3657,227.0,VirtualRide,VirtualRide,,9858756030,2023-09-16T08:33:00Z,2023-09-16T09:33:00Z,(GMT+00:00) Europe/London,3600.0,,,United Kingdom,0,8,0,1,0,False,False,False,False,everyone,False,,"[-11.63963201455772, 166.98189368471503]","[-11.639789007604122, 166.96896174922585]",9.59,16.304,91.7,,218.3,431.0,221.0,798.5,True,True,119.1,130.0,False,True,82.4,-6.4,10567467876,10567467876,zwift-activity-1433985959006830592.fit,False,0,3,False,2433729,1,a9858756030,vj`fAysdz^yAyAr@sEt@cA|DyAv@kCa@_DuDsE|BaCK{CpIiTf@_Es@oC}HmD{@mErI{StCu@nEl@pCcEvCErBaAh@gEeDmFx@{AbBi@rAp@`HzJtBaAtAsExB\`AtABfEtCfBMfByBr@q@nAAzKuAbRf@bB~CjD`@bBhGt@|L}ChBt@pAtROpCmBbBUdARpFn@pC|A|@rCGrGxA~ArA`@tClA|@lA_AdDwJbBYnBtA^lCxDHnAl@lAbCVtCm@zCoLrGaAdEiBn@sAbBd@tDnBpAAtBcEbDaB}AgBEOh@n@`AWnC{F\u@lCaBx@mAfCo@ISw@hAwB[sBlAw@a@sA}BkAcBXu@x@TbCk@f@{@o@gAcDjAsDm@{DJsBvEThAcBMgAeB_CaEbBgBFVyGaCo@oARcCtCaCn@iCLkEaAqBrCqCZsDtBNh@rHfB`DwAnCn@@j@w@h@qFfAwEa@k@n@rDx@`AlAtFNhCg@nBnAdCdGcBvCeBdEoHx@_A_BaBy@yAwDgCf@cBaEm@HWfB_B[gDIu@TDr@`CjCg@t@aDkASkC]e@oDi@oDh@Gj@`@ZnDOkExCrDvARhAa@hCnDlBYjAiErBi@vCs@Bu@_B`@sBWaBgCw@sAd@w@xB@dA|@z@KdA`AxAcB~As@xCsA{BlAqC_AOmBzAA{Be@k@mBbAmAnBcD?qD]eA`CDvDhAdBFjAnBbCx@tGe@lJcDfHo@hD\xC|B~B`I{ElVyDzAuA~BwF~DuB`CEtBr@dGlHhBt@lHg@zG}A`EmAmBkHj@iA`u@uRByLaFwFkBmHh@qIjEuAbBqB]e@sBKLi@jBYd@wB}@cBQyBsBwAc@kCrAmBnBs@`AeEvL_Hf@mCY}CuAqCcGm@e@yCuBqAoBj@{ChJ{@|@sA}@m@eD_BgAoGuA{Ec@w@uCS{FdCiDLuCi@mMq@oDmBm@{L|CuFi@k@kBcEkFtAyS?cK`DyB^{@YqAoCaBEsEmAgAcBUeB~EgBx@yHsKmCCwAvBbDlFe@`EsB~@sCD{CfEwDq@iDt@uIfTHjB`ApBnH~Cp@pBe@vEoI|SJ|C}B~BRbAjDtDHdE}@tAkEhBmA|EVtAnFlEnBpFOfEwCpCjA|EcCtCmIRk@aA~@kD_Cy@@cBe@s@cFcBgBr@c@dFmCEeA`AvBxFw@|GpBtH~@rAxCl@vAdCEbD_AtGtBdA~A]bBXhAmB`BaA`@^DdCdDwAcAxB,2
12,2,Zwift - Race: Full Gas Experience - Team INOX (B) on Makuri 40 in Makuri Islands,45245.8,4343,4403,377.0,VirtualRide,VirtualRide,,9849121447,2023-09-14T16:15:26Z,2023-09-14T17:15:26Z,(GMT+00:00) Europe/London,3600.0,,,United Kingdom,3,9,0,21,0,False,False,False,False,everyone,False,,"[-10.766565771773458, 165.8451815508306]","[-10.771910408511758, 165.83835499361157]",10.418,17.26,92.5,,272.2,602.0,286.0,1182.2,True,True,145.8,163.0,False,True,140.2,2.6,10557365280,10557365280,zwift-activity-1432761308725395472.fit,False,0,4,False,2433729,1,a9849121447,`zu`Aksfs^sAjAf@nBcBj@sAoBcIwCcB}CPoAhHl@hAoAaAwB}RfAyG~CsCqB?sCgEuCuElCsCk@_MgDmH{GgEo@gEuFi@iDjAuBa@y@yEg@{GhEmBW@kCsA{BdAcM{HeGqG^uFtDj@~LtEdDo@rEzBrH]xBf@tDnCvMEdJnCbJlEq@vIpSlGxCpDAvDtGdGyCtELz@jFtB|BSbBmChCK|Br@rAnHnC`IK~A~ClIdDhIc@lCaDrEcBjArD~@nA|GcAbEvD~DuAbI`FnF[vEdGrJq@vIvA~Gs@~BoBlCmGfI{CtBgEy@wDbCyA`BkFNyEbEwChGq@?kDiHaDjCiIRcFtDDn@fBCrAhBm@_AyA^eAnLTnBmAdDF|QdO~@mZjAyB~ES~IhL~Gd@r@gEgEeIdD}PrEiBxO~BfHlN`IlEbAxFmBnBj@vE}@hApBbC{DtAv@iBWeBmCIw@iB_A|El@`BkCSw@{K`BsAw@{BcCv@X|CyEdAYvInFzB|A~CpIsBdDx@zE~NzIvIrCnMlE]x@nBgAxCZb@xE_@pAn@}ArDnAdHkD~AE`BrBI}@{FvBcA`CDnC~DhDSdAbB{BjCi@vIeIUe@dAn@`EkD{@w@TcCzMyExER`G_EnMx@ApAcFlAUv@p@W~ClA~BpA|@dC[q@fDfBfBTtDjAp@j@hMxAfCqApCjCrGlMcCt@jGbH]fD`F|De@pExIoAp@gDuDqARgBnBfBvC{AzBcE_DeGMiBtFkGpCcIfIyD|HwE`@{CvD{NjBg@cASoKvAiAnClBR`D_AnAcHc@]}DgCyAd@yG{CkMuGcFTcCvC_C[_IyGeBwFtB_Dc@_E`FmH_BKcCxD{BgD}BaAwC`@kA|BeBjBn@pAe@|B|DhBeAl@sB_GmCP}CoA{AgEKmAuAEyBvDyDa@iErAeDwFmBo@gCiDc@pA{EUoAuEkAcEx@_Ey@oDpAkEWeA{A~A}CoB_C}DlKyA\i@mC|BwCp@cHw@cCuDuCsDXW`GbA|Hc@bAoACmAqLwBuBeA_FcBO{E|@gA_AOeEcHcB`@wCsL_CoEkEqGnAwEa@eCgL{EqDZuGsCaEnBmCIaByIuKqHqAiDqDq@wHvAkD?aEmHJwCuHsBiAwAl@VzCh|CbkCcGl@qE_@q@wAzA_DoBwBaEtK{AVc@uCzBqCv@}G}@gCuDsCoD\StF`AhIi@`AmAEgAwDGyFaCeC{@oEaBOwE|@mAaAQeE{G{A^{CqLgCmEiEoGjA}E[aCaLcF}D\qGsCqEpB{B?sAuHkJ,2
13,2,3 lapper,46002.2,5778,5893,446.0,Ride,Ride,10.0,9846076329,2023-09-14T06:21:35Z,2023-09-14T07:21:35Z,(GMT+00:00) Europe/London,3600.0,,,United Kingdom,35,15,0,1,0,False,False,False,False,everyone,False,b12428868,"[51.431320225819945, -0.35798328928649426]","[51.430966006591916, -0.3571096435189247]",7.962,18.106,83.6,10.0,209.0,935.0,225.0,1207.7,True,True,119.5,138.0,False,True,54.8,1.6,10554176820,10554176820,2023-09-14-062135-ELEMNT BOLT 184C-80-0.fit,False,35,0,False,2433729,1,a9846076329,eb|xHbudA`AwGtBaIEU_L_GkTwFoRmMsNmRiEeJcBqEyCwFcCcE_BmBg@UyAcJYuDKaJb@wQq@mKk@sE{BmEqBmAeByBcEoN}EuKkCgHgDcHuAwGsBwQuB_Me@_@{DJi@o@iBaFuAS}EuM}L}WzAgBxBkFvKyRhF_EhJaGdK_LbAqDNObGuBfLw@`FkB`HyDbIyAhHkEtD}AxLQtAY|A_AzJwKdJiHnC@zEpFdC`@pLqBnGeC`EeChBq@nKeAtHz@Pc@Co@kAwHoAqFQcJS}@w@kAiHaEwEqDmE{IqDaE_PqU{IcLuF}KuDu@_B}Ac@_Cb@yKq@eH}BkG}BmH]{Fe@yEo@uA_Ca@_H?gA[eDoBiGS{DeAiD[gHMsOl@iD_@kP{CeBRsE|AcDzBcAhBIfAhB`I`A`GlC|Vp@zLIlJPhLf@|KxA~QtDbZ|ArI|C|Ll@dGLtLU`Kc@hIwCfXC|AbGsBxKu@fOkHbI{AlHkEhDwAlLSjB]zAcAdK}KtI}GjCCl@`@tDtEz@`@hA@zLsBhGeCjEkCxAg@lLiApG`AZQDm@{AeKeAsDOwIWqA]q@}H_FeE{CeFwJkEaFcPsUuHoJyFaLaDe@eAe@o@s@g@yB?_Bd@yGs@cJ_CsG_CcIy@yLi@wAcBa@mIGcFgCkGMqGsAyI[kRd@oSsDkEt@iFbCyAhBc@fACh@fCrLlCxTr@`Id@fIG|JJrJb@nKz@pM~BxSbBzLxAbIvChLl@~FLlMYhLaAhN{BjRFhAdFgBtLgAxF}B|FgDlI}AxE{C|FkCdLSfBYzAy@hL_MhIgGhC?rElF`Ad@pA@`D{@xFq@tH{ClEgChBi@bK}@rG`A\KJ}@eBoKaAoDKgIc@sBo@u@wI}EuD_DyDaIiEyEkNuSqJaMyF{KsDs@}AsAq@kCb@eLq@kH{BoGyBoHeAsMk@wAuB]sHAkE{BgH[eEgAmJc@uTb@kNwC{C[gEr@{CrA}BhBkAfCD|@~BnKt@fFjCjWb@lIEzLPfLx@zOz@xJzDd[bBlJpClKt@bHLtNc@nN{@~KqBpPGvBcAzDtDFrA\bJdJ\x@g@^mJn@}Bv@aBjA}AxBkEtCoClCqDbBcGbAeEpB{EhAwBpAoDbEo@`B|NzZbDzJ`Bf@dB~EZ\`EOd@VdCrOfBjP|@bEdDdH`KrVvAvFpBpF`BlB`B|@pCjFbAnKTtFc@dQHfJP~BtArIvD~EvEvIpItRhK~N`BfBpRzLhTxF|KbGFj@oBvGoA|H,2
14,2,Zwift - Two Bridges Loop in Watopia,8117.4,925,942,16.0,VirtualRide,VirtualRide,,9836121854,2023-09-12T17:37:51Z,2023-09-12T18:37:51Z,(GMT+00:00) Europe/London,3600.0,,,United Kingdom,0,5,0,20,0,False,False,False,False,everyone,False,,"[-11.635745745152235, 166.95275735110044]","[-11.659725699573755, 166.9854445103556]",8.776,13.278,81.5,,138.0,324.0,142.0,127.6,True,True,119.0,126.0,False,True,15.2,-6.2,10543757629,10543757629,zwift-activity-1431361944584978464.fit,False,0,1,False,2433729,1,a9836121854,lr_fAu}~y^KJlYpf@`@f@\ZJ@LCHGFK?YGW]k@[u@{AmE_@u@[a@c@]{@c@k@SsDaA_A]aB{@yAaA}@{@o@_Ai@wAUq@Os@Iu@AeAHs@DOP_@`@e@d@a@dEoCb@]\c@J[?]EMOWi@g@wA}@MUEW@KDIRK^Iv@IHEBICo@SqBu@_GC{@@g@LmANu@Tq@Zm@^k@d@e@XWj@[fAg@jA_@fCi@|JiA~B_@z@St@[\Yb@m@b@aAr@wBP_@T[d@c@v@g@|@]~@Qp@C`AFl@Nl@Vf@Zb@b@tCbEv@x@XRj@Rn@J^@p@C~@KnC_@lB_@fEeAlTmGbAK`@DLHLJFLDNBb@EhNGbAI|@Oz@yA|FQd@c@x@Kb@C`A@dFCdAIf@Q`@IFWJmAJaCBoPgiGFfDC|AQvC{@jJIzA?b@L`@\n@b@f@dBdBTZJ`@@b@DPJJNFb@BhA?`@Jp@Tb@DP?b@Eb@IhF}AvBi@b@GP@ND\PLLP^J^LfA\fFNtE@fAAfAIr@O\WX{@f@UZIb@CfAFjBR|BRbAP^HLLL\Rn@Rb@DvAON?`@Jh@ZNF`@FdADb@Dn@VfAr@Zf@F\DdADXFN`@b@PLRHJ@TETMNSLW\aAtAwEh@sARWVMXE^D,2
15,2,Zwift - Race: Zwift Racing League | WTRL - Open EMEAE North East B1 on Rolling Highlands in Scotland,32972.7,2894,3034,261.0,VirtualRide,VirtualRide,,9835976174,2023-09-12T16:46:18Z,2023-09-12T17:46:18Z,(GMT+00:00) Europe/London,3600.0,,,United Kingdom,0,27,0,47,0,False,False,False,False,everyone,False,,"[55.6423810031265, -5.239478889852762]","[55.65398105420172, -5.231969291344285]",11.393,16.966,90.5,,284.2,1142.0,315.0,822.4,True,True,149.0,175.0,False,True,53.8,21.8,10543606230,10543606230,zwift-activity-1431332657035231248.fit,False,0,3,False,2433729,1,a9835976174,{srrIvi~^nHvAdAhDjB{ArEDvB{BVkEtA{CjC_BtDs@BgKs@qF{JcAy@{Ax@gH|C}@p@kEjBXh@mDc@sHgC_IiDqGGkHg@kAcOoAoKmByAqAgAbC_Bx@cA|DyCmE_Ct@eC|N}ExDmC~K}@jAiA_@qCsFmIzEkBwBcDhAcCuCmIzI{BuEo@uEqA}@mAzCfAzCWzC{F`BgEpFf@fDlEfBxEiAfEf@j@x@b@nGbBpCvCqGWwBd@mDu@kFt@qCoA_GlBqDj@CdCtCtCmAfBtB|I_FnC~F`AN~DaNjFwEhAaKp@eBpCm@bCnEjAeEzAu@lAeCjMpDhP|Ab@fANjIhDbGpC~IRxHs@zCqBWk@jEkC`@eAtG|@dBxJbA|@vIStI{H`CsAtCe@|EsBnBaFG}AtAcByDeEiAiHJ{AfFsJfKiG|JuBm@sDuI}F\mB_CaAaIeEoJaAcF|AgNtBQXzBcAbByCqCyCtAyBsFcCjDiByAG_BtB}FSeDb@iBw@mFv@}DcAoD_AU}ArBcADgBkEu@gFyAi@_AtCfA~CUtCwF`BcErERxD~DjB~F_A~Dj@n@vAXjFpAfCh@D`CeGWwCf@aCy@{Ex@qDoA_GlBsDnDpCpCoA`BtBxI}EvCxFdAVbEcN`FeEpAsKr@eBbCs@rCrEfAeE~Ay@bAaCfMrDtPxAd@dANrI|ChFnClI^`Ie@nDuBMo@hEyCr@_AfGn@~AtK`Bp@bKUjGmHvBgBpDU`EgC`CwEImAxAiB{DcEiAoHBeBpFgJxJqGfKuBo@gDmIwGN}A{BcAiIeEmJ}@eFtAkMrBc@\rBaAjB{CuCwCvAqBqF{CnD_BmBD}AnBkFU}Cd@aCw@wEv@sDkAkE_DjBcAIcBqEk@kE}Aw@aA~CjAbD_@xCcGbBaDfDYxAl@jCbEbBlFgApD`@v@jAXvFtAnCh@D~BkGWiCf@qCw@oFv@cCqAqGdBmDz@EzBpClCoA`BvB~I_F`DfG~@NhEsNvEuDxBkNpCcAnCrEjAaE|Au@rAgC~ArApJbBpOpAp@|AL|H~CnFtClJVvH{@dDiBYk@`EqCl@aAhHx@rA~J`Ap@nDPnIg@zDwDTiCrBgAtCUtDgBpBkF@}AzAmAiDgDkAcJCwAbF}JlK_FzIiBRmAkAqCeHsFX_BeAgBqKsEqKk@kGfAsIn@}AvAN\tBgAlB}CsC_DlA}AgF}ChDaB}AE{ArByFQcDd@eBw@aGt@oDsAeEkEvBmBuEs@_FcBe@w@pCfAxCUzCaGfB_D~Cc@nBv@lCdEzA|EmA|Dj@t@tANxEjBjDlCmFOoDd@qB,2
16,2,Zwift - Greater London Flat in London,9317.1,972,972,14.0,VirtualRide,VirtualRide,,9835505240,2023-09-12T16:23:14Z,2023-09-12T17:23:14Z,(GMT+00:00) Europe/London,3600.0,,,United Kingdom,0,2,0,1,0,False,False,False,False,everyone,False,,"[51.5054343547672, -0.13173392973840237]","[51.502923890948296, -0.15131019987165928]",9.585,12.402,93.1,,213.8,397.0,225.0,207.8,True,True,119.0,137.0,False,True,22.6,11.2,10543116728,10543116728,zwift-activity-1431324458940891152.fit,False,0,1,False,2433729,1,a9835505240,}sjyHjvXpRzn@Tx@D^C^Oz@E~@@xDGxFc@`XOnM?jABVHNJKDq@?_Jj@o`@DgE?iDDYJULQNMPCfAFPI~CgDVe@DY?[}@wPcBa^IuB@cBh@cO@eDDWHULMPEP?~ELb@AdAWpBm@h@Kf@CzCIvEi@nDk@fAC`@GfAG|EG`B?f@Bd@Fz@Td@Rd@XnD|CpDrCn@r@Zj@n@~AtAjEVp@v@vA\b@rBfBb@VhBz@bAp@`@^LPXj@Rp@Pr@j@dDNtAv@|I`BvOZpBLvAFz@BzACxBWlDuAbNc@rGWdGG`C?`BDfGA~AKzAMx@KXgCpE}DhImA~BaLzSe@x@MN_@NaAT_APmAJmA`@_@FMEMMGSMiAMQMGQCODMLGTFhBCXKROHgATsCZy@LmMfCiDf@QNEZLlDAXITMNiAd@MHINKh@AVDl@Ej@i@lFO|@i@hCOb@[n@YPMBM?MEKM}AiDm@iA_BwBsB}Bm@{@Ug@Uo@s@{CYoBi@mEOiCImEKoB_AaLq@aGG_I,2
17,2,Zwift - Group Ride: Zwift Racing League | WTRL - Group Recon Ride (Kirchmair eCycling) on Rolling Highlands in Scotland,41078.5,4188,4219,337.0,VirtualRide,VirtualRide,,9829061300,2023-09-11T16:00:26Z,2023-09-11T17:00:26Z,(GMT+00:00) Europe/London,3600.0,,,United Kingdom,0,8,0,29,0,False,False,False,False,everyone,False,,"[55.64231830649078, -5.239451145753264]","[55.658713560551405, -5.230568004772067]",9.809,16.15,88.4,,208.0,1174.0,238.0,871.1,True,True,122.3,163.0,False,True,53.8,21.8,10536348866,10536348866,zwift-activity-1430581983221645312.fit,False,0,3,False,2433729,1,a9829061300,msrrIri~^xGlArArDvHuApBkBrBmJhIqDw@iR_KcAw@}A`AcHxCu@^wD|BFj@gDa@_IqHgQs@eKi^oGmDfE}@xDyCmEkCx@qBxMiFpEgElNkAYsC}F}IbF{AuBkD`A{BoCcI~I}BcEy@oFmAw@oApChAnDYtC{F~AgElFb@bDhEfBnLW`ApHnBdDlCqFRwHw@iFv@cDoAmGhBaDnDlCrCoAfBtB`J_FpErGpEyNtEqD`CqNpCm@lCjE|@yDlDeEf_@`H`@vJlHhQ`@pIg@zC}BMe@~DwCt@_A`H`AxAzJhAt@vFMxKqH|B_BfD]tEaCzByHjAkAmDiDiA_JBuAbFgShWuBw@gDmIyFVqBuBeAsIcGyQvAuMxBIRtBw@bBeDuCwCtAuBuFwCnD}AgBhBoHX}Hw@eFv@mDkAaE}EdBuCcL}Aq@_AlChAlD_@|CoFlA}DfEH`EhErBlL_@tAnIrBnCdCgGL}Gu@uFv@cCoA}GjBiDlDnCtCiAdBtB~I_FtEpGlEuNtEsD`CuNjCw@nCrEpAoEpDuDn^zGj@nKnH~P^`Ic@fDsBQq@dE_D`A{@jG|@`B`KvAd@dSuHbCaBlD[jE{BxBuHnAoAmDmDkAyI?yAdFuJdKeG~JiC{@yC{HcGToBsBeAqIeGyQrAsMxBa@\lBaAtB_DuC{CrAqBqFaChDeBcASuAvBwGPwGy@oFv@oDqAcEyEjBmC{KcB}@_AlCfAfD[dDsFxA_ErEZ|D~DbBxLSdAzHrBtCfCcGNcHy@cFx@wCoAwG|A}C~DfCrCmAfBtB|I_FpErGnEuN`FiEzBeNjCo@hCpEnAmE`DsD~^pGj@jKlHdQ`@dIk@jDsBSm@hEsCl@aAhHzLzCp@rFG|KsH`CaBbD]rE}BzBuEKwAzAwAmDmDkA{I@yAfFyRdWyBi@iDqIgGRiBuB_A_IoEcK}@oFxAoMzBQTxBcAdBeDwCqCtAeBmFeDhDyAaBnB{IPgGw@gFt@iEgAqDcF`BqC_LuAy@gAhChAhDa@pDmFpA}D~DVpE~D`BtLW`ArH`C|C|B}FNcHw@cFv@_DoA_GjB{DpDnCxCiAzArBdJaFpEvGpEyNtEoDzBoNrC{@xCjEz@{DvDaEp^zGj@lKlHzP^|Iu@|CoBUg@~DsCp@cAzG`A|AzJfAv@|HO~IuHzBaBjDYhE}BxB{HlA{AuDqNcA_BjFgShWwB}@iDiIuF\mBqBcAgIkGiRtAkMxBa@Z|B_AbBaDuCyCtAoBqFeChDoB{AnB{IPmGy@{Fx@wCiAmEyEjByCcLwA}@gAtChAxC[jDeKfF,2
18,2,Beautiful morning for a spin,64004.4,7500,9206,357.0,Ride,Ride,10.0,9820644922,2023-09-10T08:14:01Z,2023-09-10T09:14:01Z,(GMT+00:00) Europe/London,3600.0,,,United Kingdom,20,30,0,1,0,False,False,False,False,everyone,False,b12428868,"[51.43140412867069, -0.35857999697327614]","[51.4310893882066, -0.35756771452724934]",8.534,14.25,87.3,23.0,216.4,839.0,220.0,1622.9,True,True,124.6,146.0,False,True,83.8,11.2,10527427471,10527427471,2023-09-10-081401-ELEMNT BOLT 184C-79-0.fit,False,9,1,False,2433729,1,a9820644922,ws{xHz~eAbAjAP`A\@dVqGxGwDzBqFpBaJfMXpM}AjDf@jEjDbB|FdItJW|Fl@zJUxLXv@tBbAh@`A~ClN`DzJ|AdOVta@mAh^Tl]bAzOnHd[|EhUrHzc@zI`XrAlCdDtDpG|KnEfMdO|KvHbQZnBPfHlBrGxCdQdL|_@bA~AJtCzB`JlFrYhAlOHzM]~B{D|JyBdIw@hHMhIh@jKpHjj@t@rYYnUu@|M{AbMIvS|GnWhBzJKhPkCtTyH``@JzD`CrED`BqE|N_FjSsJvC]~EqCjG}@|Ng@|Co@pAPrAdLpWeE\aChA{NlPwC`HqFfU_HhJgB`Gw@~a@eBlJyFvSK`K`BdQ`BnIhHxShJlOZdEw@pGu@nM}Gpa@iKh\@tMeBpSkBtLcGtYKrDiB|EaGlZeFjp@c@N}@mA{a@cu@_NsZqEqDaPyGa@^oAtJB~HxE|[nChTtD~KiAvFg@bPwAhKP|D\fAtAnA|AzFPhCkAnLSnQcB|Sq@rDyCrDuATkRaIoS}FmBoA_D_F}LoIiN{GcGu@}CrP@lH}@`WkAdIY|HkIrQwItOuB~FaAnFuFfi@mBbFSpC}Aj@aXVeFsBqImHcJOeOe_@uEwHcj@a`@yKaMiK_Oma@i`@aCj@c@MQeC[_@gF{@mRdCqEnByF}BcG}@yJxKwD`CgAyAsA|AgImTeLiWmAgFEiDl@}O~BoUMwMp@{FpSw\dRiVnIqEnPeEjHx@hGnEzKhMbBnExB~KzFfJdDnC`EEpMyFnEyClFcF`u@wz@|AeAvFuAvEiExDkFzCyNrAsDv]yd@zAwDnDmNxHoKfBwEx@wGD_PxB}PtQgu@lDsKl@yDvE}I?aSVqIlDcV|Bq`@pDoWvBUfAeAlAiBjEkLzE_GlG}DxEqAnFQxLtDrR`AxJ|BxC@lLwFbPuObP}KvHoCdBaC~G{C|KwApKx@rLhFdJlIbDjElFvJx@FfAaE`AaP~C_HRmEd@m@fGe@|@q@jF}SzDeMFyBoCwFCqDh@kDpBoGlDyS`CeUJcKQ}BgCwLkGsSb@oU|AyLl@yL\mUaAuZmH}i@g@qJV}J|BaPlB_D~ByG\kCOuMeA_OiH}^oA{DuA}AGiFuGqRaCgJqCsPoBiGQcH{@yDsGsNyNqKcFmNaLwP}AwCkHwSsIkf@{Oss@gAgPUg^r@kK\aQWk_@e@_IuAsIiByEyEuRcDuB`@sMo@cIJeGiIiLmAqEyE_EmDg@qK|A{F@wOgBcHgC{GaFuFyFeOmI[BmBxGiAhH,2
19,2,Morning Ride,42476.0,5508,6692,207.0,Ride,Ride,,9806687604,2023-09-08T06:13:15Z,2023-09-08T07:13:15Z,(GMT+00:00) Europe/London,3600.0,,,United Kingdom,46,15,0,1,0,False,False,False,False,everyone,False,,"[51.43144519999623, -0.35853439942002296]","[51.431065164506435, -0.35752429626882076]",7.712,15.17,84.3,16.0,190.0,948.0,204.0,1046.5,True,True,114.0,135.0,False,True,63.0,12.2,10512704063,10512704063,2023-09-08-061315-ELEMNT BOLT 184C-78-0.fit,False,22,0,False,2433729,1,a9806687604,}s{xHj_fAbAjAJv@^DpF}AhDg@rJ}ClB}AdDeBjCuIn@gE`@a@dGV|GIbE_A`FIxBl@`FxDtGpCv@EjCqBnAwK~AyGnFwWdGmP|DiJ~AgGvB_G~JgSRs@AaASk@eH{EWa@Ik@fAuM^gJ@{Di@sRuDkt@[mDg@mCwBoIaG}SmEyViCwHf@yF\mJKy@oAoDy@iDg@y@iCoB_Fh@qCKyH}Cm@qAoC}PwKej@SuBV_Ei@}GSmFkBoS[mAwCDoMiBaIp@sDr@_FpCgCv@oCpAkGt@yD`AmAG_Ag@mEiFi@MwANo@XoHlGyIlJ{BjBiB^eGCuDZgBn@wJvF}HtAyFbD}F|B}B`@kH\{F|B]C?_@fCmSbAiNV}JKkOOeCe@_D}CmMwAsHkBsNwBkSq@yKc@iLIcIFsKm@wJ_BmPkAeJk@aDkBmH@a@n@mArB_CzHwCjCK~RtDpPe@`KZtBVpC|@hHVtCdBz@VzIRx@JRZ_B`Uy@n\W`Au@jAmEvDeAfCyEN{DoAoA}@{CeFkAwAu@e@_AQyGjAwI_@oGzAiDVuK~BcE^UKK_@F{D]qGgCkXo@}E{CiMJi@bAgBfB_BnEoBxDo@hCRvO`D|Qe@hJXfGpAdHXhE~BbJRdAXBp@gBxWo@xXY`Aw@lAqE|Ds@vBFxFCfMZnG^rD|@|EzEpTbBlGdDtIfLhSbC`G~@zCs@`A_IpGkJbKkAv@aB^{H?cD^{FnCwEtCuHtA_FvCmGfCuB^{H`@oGxBC[hC}SdAiORkJOgOi@qFqD_OgAgGuE{_@w@uKi@uLOaKD_LWcGmAiN{BkRqCqLHe@z@_BrAuA`BcAvE}AnBUnCXpNzCnD@fMg@~K`@tFpA~FL~ClBv@RrHNpB`@D`@aBtTy@h\Y`Au@jAmExDy@`CBbTXbIXlCn@nDdFjU`BpGnDnJbGdKhEpIrBjFf@pBM^iJnHiIfJuAdA}Bf@uGAcE`@qEtBkFbDsHxAcGjDaGzBkC`@qGZ{FxBe@z@i@rCjDEfBf@|I~INTC`@aKjAyBr@oBxAyBhCcEjCyB|BkCzAoJ`CqFxBoCp@iB|AeEtF~AzD~KrUhB`F`@dB|@Jl@b@nBrFZZn@H`C_@n@R`B|JvClVz@dElChFzKbXx@~@lCA`@p@x@nHl@hB`EdJZjBt@xM@fDYtPLfHN|BtAdInDrEtAbCtDnHzCvHxBvEzNvRnMzId@FbCzAbTxF~KjG?r@{BrH}@dG,2
20,2,Zwift - TTT: WTRL Team Time Trial - Zone 16 (FRAPPE) on Roule Ma Poule in France,37098.3,3649,3707,292.0,VirtualRide,VirtualRide,,9804058090,2023-09-07T18:01:19Z,2023-09-07T19:01:19Z,(GMT+00:00) Europe/London,3600.0,,,United Kingdom,1,12,0,10,0,False,False,False,False,everyone,False,,"[-21.736932825297117, 166.1816277075559]","[-21.711713103577495, 166.1597604956478]",10.167,18.99,92.1,,242.1,589.0,271.0,883.4,True,True,143.2,163.0,False,True,120.8,10.4,10509946389,10509946389,zwift-activity-1427747620654153728.fit,False,0,4,False,2433729,1,a9804058090,zntcCcjhu^oAAaHgX@}AdAgDBwB}Eq[iAiVeAYwE~@{A_@qJaKiG}L{FmFoToGgBKmBhBfA~ACh@{CWe@Z`HlDRt@eM`BpOxE}@hAgKvFUr@^l@xNhBp@f@gHxCvCrEj@|BCbCqAjCsDlC{Cd@{Ae@wFwEwF^}A{BQwCw@m@aCgF_Cl@qBhCeJlAs@i@s@}Bt@{BIm@w@i@}@^m@jBkCnAaGbBiBEoClGoA~ElArCCn@sArAq@xEmBtAOj@PxAzB~FOzAsAp@_EqAsAJc@`AYpFaAXeCgAu@Da@n@OrBy@r@kAWyCiCq@FeJ|NH`AnFlDy@dEpCdCeClCRp@lCpAEtAwAfAoJCmBp@sB|BkDdAc@jBwCt@QpFkGrCWvCx@`B~EvCEvDp@jAfPrCbDtCfDz@`IlA~Ib@~D|DAzDh@n@pSLVd@?xB{FjG]bHcA`DeA~@A|Bx@\bQFxDvI~Aj@x@~AI|CgBjFRxBnDjBrFqApD\vA~@lA|ChDhEdEnDvAJzCgArEa@bFSjNaExH}EpHhA|@UjAuAtAMhDbAhGnDzJBlCi@`OzBvGtBv@n@VxBhCTh@r@CbBiBxAHzAvHzBdApBz@A~AsA`A?zA}AzDp@f@OvAmCm@iEvB_BKqBo@qA{@c@{DhAuAA]_@K{APyAtCaESoBlDiALgCwD{CqJ}M_BmHoD}BuCaEwFcFo@aBLqM\}@xBaB`BqEZqB?kFQ{Du@yCkGyKUqAbFuGRcAyC_McRiq@AuAjA}D?{B{Ee[_AoUs@o@cF|@uBc@iJ}JuGmMsF_FaCeAmPiEmBCcBjBjA~BuDWU`@hHlDJ|@}LhA^r@nN|DeMtHYf@Ll@rOxBj@`@aHnC@n@|ClE`@~DuAlD{DrCcEXwHyF{Dl@w@OsA_CSoCs@i@s@cCqAeB_Cn@qBhCqInA_Ak@q@sBn@yCeAeAu@Zi@hByCxAsF~A}AOi@ZgEpMhAzCAr@uArAu@`FwBnBPdBxBxFO`BuAl@qDoA{AHc@t@[~FcAXuDgAa@d@WhCq@h@oASuCiCq@@gJ|NLnAfF`Dw@hE|B~APj@yBjBKh@`DtBI|A{A~@}HO}C`A_BpB_EpAWbB{Ct@QrF{EbBiA~A@hBp@zAhF`DE|Dr@dAxOlCnDxC|Cx@nTtBrDlDRdAQ~Bj@p@zSRLxC{FhGC|Cs@xEq@|A{@j@IhABv@d@^jJC,2
21,2,Zwift - Tempus Fugit in Watopia,12233.4,1272,1309,20.0,VirtualRide,VirtualRide,,9803534916,2023-09-07T17:34:47Z,2023-09-07T18:34:47Z,(GMT+00:00) Europe/London,3600.0,,,United Kingdom,0,2,0,24,0,False,False,False,False,everyone,False,,"[-11.637071259319782, 166.97165410034359]","[-11.654817005619407, 166.98985959403217]",9.617,12.536,90.8,,208.6,588.0,224.0,265.3,True,True,126.8,146.0,False,True,17.6,12.6,10509402400,10509402400,zwift-activity-1427733249005748240.fit,False,0,1,False,2433729,1,a9803534916,vz_fAysbz^i@oAu@{@]OuBY_@W]k@aAgDm@aCE]?]B]p@}CB]?]Mi@MYqAsBIYAYNe@RQVKXAtANZCJGNYD_@DeCDa@FMVW^K^An@Fx@TfAb@r@b@TTDLB^E`ADNJHLD~@HXPHLBLAP}@`BG`@BPN\XTNFr@Jr@A|Ea@\Qp@o@^g@Zk@D_@CQM]q@iAIa@Cc@Ja@HMdBeA^g@L_@Hq@@u@Gs@i@sBe@mAc@{@k@s@{AsAwAy@YWM_@?a@JcAXqATo@P[h@c@vBg@j@]d@e@To@Hu@@e@Ey@Sw@Sa@Y]wAmAg@i@Q_@@SR]tAeAR]BQAQSq@CQBc@J_@t@oBnEqKjAcDTcAHyAAu@Kq@O_@WY]S{DiAa@O]Wc@k@_@o@Su@Ky@Be@Ts@rAwCvBeEj@oAb@sALeAP_@ZSp@StAO`@F|@b@^J`@?`@G\QVWv@mB^g@NG`@EdBBnA]f@_@Xk@RaABs@Gq@K]QYqBeCO[AMD]Xe@`@_@h@U\G`@?^LZV|@lAbDxFl@n@h@NTARI`@[Z_@Ng@TqAVw@HQLMPEf@DfAb@f@j@Nb@@f@KrBJd@XXdBt@NLFNHd@Ed@S^yA`@a@R[ZOd@GnAFzFCrAQlCy@pJIfB?TDRh@dAvC|CL^Dr@HN^LpBDnA^t@B`AOjFaBlCk@\?LDXNRTNXLj@TxBXjFJdEAfBMr@_@j@kAz@Qb@Ef@BzBP~BTrARf@LN`@Z|@Xl@@vAMTFv@b@RDlBLRBf@PbAn@\ZP`@J|AH`@p@t@`@Jb@MX[Xs@zAcFb@kA`@s@`@Sf@?d@L^Tl@b@JNDRHdBJPPJRBzBEf@Dd@Nh@l@r@tAZZf@Hf@Ad@Cd@K~@k@V]FQPw@Be@Ee@EQU_@[Y}@g@c@Ie@@e@Ja@RQHY^g@fAMNQHSBsAMkBFSCOKGSIgBIQMOi@c@o@Y_@Ka@@OD[Re@v@uB|G[z@_@b@MDO?]Ok@q@Ga@KyAS_@Y[_Am@{@YaCOkAk@k@CyALi@Ke@SOMY]Uu@MgAMwAGiCFs@L_@XWx@i@T[La@Dc@@w@GkF,2
22,2,Last of the summer long,63402.3,6347,6754,289.0,Ride,Ride,10.0,9790691681,2023-09-05T17:34:11Z,2023-09-05T18:34:11Z,(GMT+00:00) Europe/London,3600.0,,,United Kingdom,44,43,2,11,0,False,False,False,False,everyone,False,,"[51.43080138601363, -0.35649835132062435]","[51.44760249182582, -0.3265016991645098]",9.989,17.64,83.4,22.0,237.4,1316.0,273.0,1506.5,True,True,137.6,170.0,False,True,107.4,20.4,10495904439,10495904439,2023-09-05-173410-ELEMNT BOLT 184C-77-0.fit,False,15,0,False,2433729,1,a9790691681,oa|xHbsdAn@eF_DgF\uFoE}B}QyEuCqAyNsJwNqRsKeVmDgGwBkCi@UkA_Ie@}FG_Ib@yPi@yKaAcGeCkEsAk@{AmBoAuDReAk@zAoF`Gk@xA|@vDGt@sHxIqB|FsJnMsDfKDxDbCjUhC|NhC~JtQ~j@zH|T~NzUpJxYtAjBt@dErc@|rAbAnFjFtc@nJlm@bGnTtFbYfBdE`CvCj^zUbEdFvBzErAvEdErV`EbPlCzGbBj@v@pBA~Be@vAcAjAq@lHsDvm@yQjlCyBvw@sDn[uFl_@mAxFGpCoBjBgP`h@kBlHq@hHi@tX}@zGiA`DsHlNiE~JwCnKwDdSiBxDkArDa@`@kBNuAnAcBtC_AhDaItm@sAlNi@xKk@lk@_@vG}@pEuAtDmBdDkEnF]rA?bAr@dDp@jA~QzH~DhCrDhEfN`SrEhF~Ax@~@Ex@w@X}ACeBy@_B_AWoAh@gErG]~GY~@qBTq@fAuCvJoQ`u@aBnNA`Om@dGqBrFsEtFwB|DiD~M}@`Cw]bd@kCfHqBjM{B~CiHnGgFnAwAz@gs@zx@gHtGiA|AOvADtCkApI{VhwAcCnGsDhFcCbAg@rBVrAtNfMbN`NjJvMfLnMdf@j\dEhEfDtGfElLzGzOpMnW`EtGdRdWdEjFzE`EvAtBhR`j@zEpPpFpTxApBjBh@jDQzVuEtHqD|IiG`C{EfEaZ|AaHzBsCjFaDdGcGlRMxHvAzDnBjA@lLmDnFmHpDqDdHTdDY~GuEtF}BjC?bD`BoAmX{@wIh@oP?wIeAeC_HkHc@yBUaEV_EvDyW`@cLSiFoBgNeA_^E{Zj@{FbA_FpIaWn@{DsJgRql@{eAsI{SmCkCiReI{J_LsBgEkPig@sFoMmAwHyB_HwGcWgGgPk@iAiAi@wA{BkI{HgBmCiAaDoAaIaA}L[iJ_@{b@wAaCBgGkBeH{GuJiImHgF_DqMcEqFG_AmAm@mC@oBx@sChEaCzGkIxBiExAiGh@{Gf@_i@n@sNpAwNfIun@jBgFtDoEVyC`EgA`@i@hAuDbDyPdCwIvCyHzHcOpBgFbAsHh@}Xp@mHbT{q@VaD|AoBtGcb@zBcP`AqKxBiv@fYuhEGy@}@{BYyCyCeHyAwFwEc]iAaFkB{EsBoDkCyC_^wUqBeCyB}EiAkEuD{SgGsTmIoi@iGah@aBoHyQei@sOkf@iBgD_@kCmIyVsBcEsJoN}AoDiYs|@eFkSgBaLcByQm@mC@mA~@o@vDoJxJyM`@aDlDoDpBiDjAkAF]o@mBD_BvGoILi@^KKL,2
23,2,"Make hay, chop wood, carry water",64026.1,8214,8419,503.0,Ride,Ride,10.0,9783215155,2023-09-04T14:05:02Z,2023-09-04T15:05:02Z,(GMT+00:00) Europe/London,3600.0,,,United Kingdom,26,16,0,1,0,False,False,False,False,everyone,False,b12428868,"[51.43137361854315, -0.35871335305273533]","[51.430923929437995, -0.3569188714027405]",7.795,17.056,85.4,27.0,210.2,727.0,227.0,1726.7,True,True,125.6,143.0,False,True,200.2,11.6,10488046566,10488046566,2023-09-04-140501-ELEMNT BOLT 184C-76-0.fit,False,1,1,False,2433729,1,a9783215155,us{xHh_fAhAlAZn@nWsG~GoEbC_It@eF^WrL^vO}A~Bp@rFnExF~B`EwBtA}KjI}_@|Ms]bDeLbLiU`@oBjKrGzDpAfA|HjD|OpFbHrHk@pJnD~[oCzZzDj@`ADtY`@rAdBL~LcCfQ}@lF~ZzAxDrBxe@x@nIDrF~A|DlLoBfGe@fG}E|KqElE{LfLhQfDzDbLfKbKpHpFfDdL~XjOvYbPrM~a@bSxLfJzDfE`M|UzElN|\hw@fJxPxGj[nEjHvAbKtEvNf@XrH{NbCqQdIlCxBFbKgHnD~EzAVvBq@pIeGbM_BnHjArCnBdDdAbN|@pDxAzJoBte@zSh\AnAx@tFrH|c@dRnEsFxUgTlSgZfHeNpJqKrI{LhKsGfHoG`T{G|ScLxJoCjDyBbCHvMzDfEPbDsAdLs@tGjCzEdDbPfGbHoBlRdH|BzAjG`BdSjCtIy@bHNpFr@nJrCd@n@o@rPL~V[tEcA|CgGlIiDhJ{BbLwBjGyErBeH~F}CnAa@lAYpFiA~CuCdBiI~BeMtK{Bd@iE{E}@@|AjDrDfMlH|IlHnF|@lDpBpOrKhX`EfD~LzDbD~DfA|C|NxNrI|KHzAs@lHnApMGvBnBpKT|ElB~L`@rArD`FlA~ChCf[xD~CdAhCRlBoA|AoNrGqLhNkF|Ae]|`@mGdJuPxN}GViQnLaDiBwAM{B_EkBd@}BcGmHtDsJvAqS`@mOyCsBDqD`DiDbFyIdYkFxKmItF_IbDoErAaIl@aCaDoQkKoNgFwW{OyHy[eAmC{EiDeFq@kAy@sKwN}AgFaFqG_Uo`@yFmHuAw@KyPoDie@iF}SiC_HkCiQi@wLqCuJAeJkAe]iJkVsCiDsBbA{@OgCkE{@aEuBmDk@{P_AgRs@yCmCgF{OeQaEaCiHuC{FoPaEmGcDiB}F`AeDcAyAkDgA}GeDsM{FrEyCx@mAYqC{Em@OuGzFoCt@_JoCi@DUpAc@?uBoCgAmG_@SuA?uGzDqBd@{@mKyGb@mDcPgJ{PeQq`@iRkf@oLcU{DgE{KoIm_@uQeNqK}EmCeH}PgIaPcH}PkJyFuHgG{LgL_IkKk@QyCvB}Cf@uL~EuG`FgSrCy@YuAaDGwGkAsMcA}_@uBaGyFeZaa@nEq@a@S_AGoYa@cAuZoDwZdCwBUuGuCkBj@oFQgFoHeCwKgB{LkCk@iJuF}@DwAcC{GuEK{AdAiKE_CgL}AgCjDqBh@cBsAkBgGcd@iHg@j@{A~XoEpY{E~VsDdJgMxNoFzA_MkE}I_@{AfIqFBU|IoBvHcA|G,2
24,2,Easy like Sunday afternoon,47290.8,5759,5902,253.0,Ride,Ride,10.0,9776400095,2023-09-03T13:47:39Z,2023-09-03T14:47:39Z,(GMT+00:00) Europe/London,3600.0,,,United Kingdom,13,19,0,1,0,False,False,False,False,everyone,False,b12428868,"[51.43140412867069, -0.35872332751750946]","[51.43098436295986, -0.3571445122361183]",8.212,13.898,85.8,24.0,220.0,683.0,225.0,1267.1,True,True,124.7,140.0,False,True,89.6,17.8,10480823152,10480823152,2023-09-03-134738-ELEMNT BOLT 184C-75-0.fit,False,7,2,False,2433729,1,a9776400095,us{xHf_fAhAnAFt@VDvFaBjOwDxBeBpDqBlCgJf@{DVUpL`@bCMvD_ApFMjC~@lElDzGpCj@I|BkBrAwKpIo`@lGuPrEyKpAgFpByFxJ_SZoBNKh@NbJjGpDjAlAdIdDfOnBdCpBzC|EHlBe@`HxCvAVpH]bRqB|ZzDXXL~@GnELtDBxLTdA\RrABpLaCdQkAnFnZ`BlEP`AtAba@dAdLBfFPfAt@~AdAn@|C]nF}AlEQ|Ag@vEaEfDaAbGwCfCkGf@wCTKlLjQrCdDjEfDlGfGfJvGhD~At@v@v@|AvDrK`ElJ|KxTzAxBbRfOb`@tQvO`MlEfGhHvNfBbEbDzJr\|v@lJbQjAzDrEzUdDzEj@pAlAbJhF|On@CjG}Lr@gD`ByMnANzFbCdBDpBy@xCwB|BsBn@\hCbErAVzBs@tE{D~@_@Fv@`DnNt@`FrAdDz@l@~AZnDeA`A?vCpAzB`ChBfDnDhM|@tBrA`AlElArElCnCrCrJpLlCdFbAbDz@pM^`RRlA`CtDn@`DjCvEx@TtBaAxBdCzBlElGdQPnBZtO`@lIIdIfBpFp@bDr@tNlAjG`AdIrBnFrD|Nf@z@hPdCxFy@vBcApLsJfBmCbC{IfG_OlDuGhDcIjG{MbByCzGkQlBoDrT}WzDmDbBaA~[kLxB}BtFsIGWwBoBiKiFaBiCy@k@yBW{KJqC[mBm@oK}GqQaJaAWcDRs@OaFmHy\aVuEyBkZoLmF}GiBeAcP^}IYeDgAw`@sQqAEmE~AuAPqDwAmJ_@qCc@kCy@}CuBkHmAoGh@kD~@eCrAsEtDoCt@qA_@yBwDk@i@c@J}AdBcDbC{Aj@mB?qHkC_@LSfAU@yB_Cu@eCYqCm@YiADqEtCcDnA]wBc@}FO]sGb@gBsI}AkFgJ_Q_LaX}LyWaIiUiKmSmBeCmCiC{JiHyK_GqUuKgPuMuAoB{@uBoFqJqKcVsCwHeA}AuDuB_MaJ{LeLmAuA{ByD_DuCc@DsB~AyDv@gGzC{C|@mG~EcIp@qIbBu@Qu@gAc@aBIyGkAgMcAs`@WmAwAgC}Fg[kQxAwIjBkDLk@_@S}@?wNKcCFsEGo@W]g[kDcRpBcHZuAS}GuCm@?_Af@aFMoB_DwBoCiCaLgBmLcDw@gIsFsAEs@{AsHkFI_BhAwL?{@Ya@sKuAk@TcB~CgB`@aAa@k@u@cAmEk@u@}b@iH{WqDw@hF{@hAi@|BoC~GqDzKgBbBeCjAmALeFw@_@Lk@dA}@rFkB|QoAfUuDhTcGnf@,2
25,2,Morning Ride,104629.0,12426,23645,542.0,Ride,Ride,,9768150691,2023-09-02T06:28:17Z,2023-09-02T07:28:17Z,(GMT+00:00) Europe/London,3600.0,,,United Kingdom,15,30,1,11,0,False,False,False,False,everyone,False,,"[51.431117970496416, -0.357713308185339]","[51.43121335655451, -0.35836667753756046]",8.42,16.806,79.6,17.0,186.3,933.0,221.0,2314.6,True,True,122.7,167.0,False,True,60.0,-3.2,10472065699,10472065699,5c9bcdde-a6e0-45fb-9e76-f7120ed6c57c.fit,False,7,0,False,2433729,1,a9768150691,}a|xHfudAdDsRca@}NyRiMoNkRgNiZsF{GmBeOZm]wAsQwIeL{U{m@cI}g@oFYkZ{n@|Qm]n^a[`G_j@?g\_Nez@oBqYq@qe@sI}l@bDoFrHwCgItD}BhEdIxk@~Cj`AlNh|@Gj[yDnd@fTqDbh@iTjOk@~X_W`CInJzGl^kLxUc@_DmQk@{MoP}Kqn@m`AaHiDk@_YyFkPgBiP}c@qGq]DcTqDiJlCcEhFbIzl@bDnaAjN|{@[l_@uF`f@~Gl@rJ`KiNxBuR`PmYfJmHvJlSje@jFpHjFLnHxg@|Ov^bFdBjCjOeTbOsUl`@{BgOx@`@bAdNgAjGvBnV`GpZd[j`A~Q|[lq@`sBtTp{A`O|n@jFnIn]fUtEzFpEtLbJfe@dDvI`DjEgDvQgWpyDuB|v@oD~ZwIbm@wBfC_Sfp@qDjl@{Ov\wOpl@gFhCkDhImK|z@{B|aAoCbLeI~KI~DzAbEvXrMrZz`@dD@`@sFqByAoCpB_C|Ei@lJf@~h@|B`YfDdJvPlQbVv{@`Qbe@|I}GxByEvGt@~LnGzQhTpDo@`UlChDnEdIlDfF`Mzn@dXzEYlNcL~HgTbOaKzTdNrIdJxQbs@r]bm@bAjNzA`B`Ih_@hC|h@nHth@lElbAtDxSlDdz@xSzt@rVfg@tCoBpCjGnJnHrg@|NjRfShJjCpE_DfDgI|CcTjFyQAiDlJuP`AcJwB_h@qJsVqDcc@xAwVeDedAzCyr@iEeT@eLj@{BpKF}@iI`@aFjFiIbI{`@~Qgf@`JoOvHua@hIcRrAqPcIbDzIoDuBjReI|QuFz\uL|TiSbi@lEih@SyX`GwTeNuZ{QcK_@iHeDcLmFz@wLvi@oImHcXlBqF}A}FaK_f@g`BcMeUye@wsAuXwp@oHc`@wDsl@qMkGuHiIsFiQkD{WkPeB`Kia@tGwPkIwJaRoGgD_JrJmi@nBg[mB{NuH}Vb@_VbDor@{@sXwI{v@hC}ZtGaQmA}\_Hw^sDwH?yEaTkx@o@sLuHmPoOoLcEyLyNyT}HkUuZu{AqAcn@lA{\c@yd@cLoh@oD{COs[zDic@~I_a@|_@_aAYuB}HuFx@iQiLoBcGrEsEyI_{@aNyCtHk]u@}AoCm\|WeIdBw^mQuFyOiJcAyFqFwQgHkJgNgXsv@j@]`AlJ|Tbl@`J~MtAxQYn\dB~LvUdd@rNnRzR|Lla@lOuDlR,2
26,2,Zwift - Race: Foudre Friday Apero League Race (B) on Figure 8 in Watopia,35140.4,3207,3274,268.0,VirtualRide,VirtualRide,,9763536663,2023-09-01T17:16:26Z,2023-09-01T18:16:26Z,(GMT+00:00) Europe/London,3600.0,,,United Kingdom,3,14,0,27,0,False,False,False,False,everyone,False,,"[-11.63583249785006, 166.95342865772545]","[-11.644557723775506, 166.9634906295687]",10.957,21.074,91.2,,269.5,886.0,308.0,864.2,True,True,143.9,171.0,False,True,57.8,-6.2,10467137770,10467137770,zwift-activity-1423374350643396608.fit,False,2,4,False,2433729,1,a9763536663,~r_fA{a_z^fCxDr@VpBoAnA}B@eAi@qAgEkE`CkAqAwN\mCnAiCbBwAlDqA|UwDjAmA|BqFpB{AjCi@tC\zA`AbFrGjCj@`I_Ar[uIjBMp@z@GdPe@pDsClJQ~KcAj@cJLu@_AmDeLkBqAwA\}@|AHlBhHtOuAt@wJtAy@n@Iv@pAh@tJoAjAJmAp@_O|AcBjIu@vAo@DkXgGeMhAsHrBo@GUi@BmFr@gAzFyAnMeBpEcEhEx@l@YF{KhDoERkB_@iB_AuAsDaAwJIwBdAuGnFkG`AQdA~BjJEbB_@Jw@e@{B{Iu@g@w@~AEhHl@f@t@W^yAe@k@wIXQhAnCtBPfA{HdG_AtBX`EpBpElFtDdKrD`ElJdB|AfDk@G_A~@aAMc@oBaAD}A{A_AD}@f@q@xAEz@jAVpAhC`BhD}BDg@}ByAe@qA?oAz@a@rBK`B`@pE`Jj@\pLgI|@XdCdEx@YxAuEn@g@vEbE~@?T{@c@cCvBm@b@cAWkAqBgCa@uDaCs@kCIiD`@cAGSc@X[~KaAjAg@Qa@i@E{JnAoAUD}@t@g@`K{AhAk@eHqOKcC`BmBtBh@p@dArC|Jx@dAxHAjB_@b@wBBiI`AeClBcJDqR{@k@aBHa[tIyIdAoCs@wG}HkBi@eCDcEvBiC`GcA`A_XnE_DbBoBrCm@nFtA~LxFTBfAw@bAo@WEc@DqG`@mAXM\ZhCpJvARNaB{BuIAuAvGgAtJmHzFIrF`@`BbA~@bCI|BoCzCc@lAJfISlAcFw@{EdEeNjBuF|Ai@~@MhBFjCZn@xA?~LsCxG_@jYfGz@_ApAoFn@eA`J_@vEr@b@vDbCtDWvAcC~@f@tBUz@y@GeDkD{@Um@n@yArEc@TuCqEy@QuJdGs@`Aq@_@eEyIkBg@mCPo@d@FbBb@fAlBdADh@_D~BaAcAcAWmA}Co@QeAXi@hB`BjA?dBtBhA{@|@F`AQLcDZoAyAsD_JwBmAkGgB_DiB{B_CkAyC]mC\_CdJsHQiA{CoCRa@hB_@I{B`[|zB{AoAMu@NgBhBq@JyDo@cEcAk@kCl@eAlBwAVi@a@mB}Fb@cBtBeCV{AdAgB}FiQ[oCh@{@~@[zAXhBbB`@YEm@{C_IeAyAcKqDmF{DmBoESkDx@sB`IqGOeAgCiBQk@|B_AmAqO`@oChAuBhByA~CkA~UuDhAeAnCkGfBmAtBe@,2
27,2,Zwift - MVDP VO2 in France,31304.0,6098,6249,1231.0,VirtualRide,VirtualRide,,9755598329,2023-08-31T11:18:22Z,2023-08-31T12:18:22Z,(GMT+00:00) Europe/London,3600.0,,,United Kingdom,2,13,0,1,0,False,False,False,False,everyone,False,,"[-21.73678102903068, 166.1810151580721]","[-21.72956647351384, 166.19883491657674]",5.133,23.316,89.7,,206.1,1049.0,259.0,1256.7,True,True,118.2,167.0,False,True,1233.8,13.0,10458766786,10458766786,zwift-activity-1422466516904837120.fit,False,2,3,False,2433729,1,a9755598329,|mtcCifhu^uIo\BmAfAmD@yBo@eGiDcS{@oTO{@WWk@C_Dt@cAHoA]qJ_KkG_MwFkFuBeAyJqBoGeCUo@qC{NkA_Ka@gBi@w@sDyCgDkIi@_AcI}HAcAdA_QDqCg@eBD{ByBuBc@s@gA}CAkBd@kH\mAlBkBbGqAJQKQsGQgJRSe@IeFk@]cAIuLE}Ib@eBt@wCZcDdB_@?k@Ye@BURo@|A]L{VmDuDiFkHaFKo@FiEWiAqAiCyBkAg@q@{@eCiBaHm@_@sBm@{AFkFkBaEaAyCsA{CuBeC}By@sAQaAk@eHi@kByFwDe@Ig@J_@O_D}DaFcCa@m@oAkCc@I{@TiDdE[BOSR_AM_@aCg@aCyBuDk@WWc@eAgGPmEoBoGuAcGkB_Fo@}JgC{BeBsE_FiBq@gH{Aa@y@}BmHkAoAqAg@_Ca@iISsBa@{DaBeAcBcD_C{EoBcD]sNy@eB@gB`Bw@NWTeA~CQdBSd@sD|CyBbAAPLRvBVb@\JtEMXyCzAwBA_FtA{GdAwEhA{EFo@ZJr@|@r@hOzGT^Dn@ObA[l@qCpAu@LuC@{EdAeBRYRFd@tAx@zBzDb@fA@x@w@t@qLbC[PGVZx@tAxAxDxB~@~B@Uu@gBaEcCsAsA[w@NWXMzK{BbAs@Dy@a@oA_CcEg@e@q@YCYjJoBbC@|@OnCwA\}@HcAGc@o@o@iHuCeFkCk@o@F]v@StEGfFoAlGcA|DiAnCEbCmA\WDe@EsDK_@u@[yAOQWbCqAzCgCd@{@TqB|@kC|Aq@pAoAlBCnO|@tC`@lCbA`CxAzAjAdA`BlEhBlBZdIRfBX|Aj@hAjA~BtHh@x@`GnA~Bt@x@j@pEdF`B`ApJ`CfFp@fGlBrGvAvDfBxFUZZn@dA~Cb@b@RvBpBrB\Lb@Md@Df@b@B`EoEd@Kd@JlBrDnExBrDlE`@LdAE^PdFrD`@fBj@dHTdAf@z@bC|BjDbCzCrAjEdAnFjBhAKb@LhBj@ZZtClKr@bAlBbAZ^~@pBTrACxEV`@jG`Ex@|@|BnDb@RxUfDb@C~@cB\WfAVd@AjDiBzC]bAk@f@GjI_@zKDrBXNpABhDV\`JQrGLCZgGtAeBfBWn@MjA_@pG?lAbBtEdCfCE`Cd@fBiA`U?`AlIlIlEdKrDxC`@j@d@hBvArL`CdMZx@rGfCjJlBbBr@lGvFv@jApA~C,2
28,2,Evening Mountain Bike Ride,12584.4,4345,5061,199.5,Ride,MountainBikeRide,10.0,9751258630,2023-08-30T17:05:18Z,2023-08-30T18:05:18Z,(GMT+00:00) Europe/London,3600.0,,,United Kingdom,3,11,0,1,0,False,False,False,False,everyone,False,b8239301,"[51.35962896980345, -0.7002407871186733]","[51.35961069725454, -0.7002363447099924]",2.896,12.37,,,153.3,,,666.0,False,False,,,False,False,131.7,67.8,10454143796,10454143796,378A8F77-2C59-4AF0-9364-FDFA254BE23B-activity.fit,False,0,1,False,2433729,1,a9751258630,sdnxHpwgCGOODO\WPc@qAUFcAhDgAdCaAnAKZBTq@fAmBnE}AxDKd@sApCKr@i@z@Gh@a@f@uCpHeBtDG\e@t@s@rBcBjDFf@j@`AbB|EjCbFVlABlBGV]@aAq@@ZMTLfBSrBAzBLzA[jACd@MFs@rBWTSIu@Rm@nAHJFt@WzD_BbA_AAUY_@Ha@{@^hA?^SdAc@bA[XQb@K?]WKg@CHFJL}@l@oASkC?]Nm@G_@YAs@kAq@Do@e@i@MW[SFJECb@FILj@DdBZlCA|@Lz@?lATx@Kv@@z@i@bC_@h@u@Dq@l@aCrAkClBMT_Ab@?pATtBMnBNtBJ`D@`BRrAVdCj@xIh@~FHtCd@zCf@nK|@xLTbFRfAA`AT~DZhCVhDHbCXnBVpEc@nB_@`AsPxRk@v@oAtBi@XOl@OHIn@Sb@EbEJ`BDvDHjA`@vAFv@I|@B`AQvDMxAC|GKpAj@`PDPHEEPn@[Cu@FEJm@Z]CWa@_@w@YK{APKNWNx@NLFy@p@g@Pi@Fw@Ow@BSLE@Kl@s@x@?Pe@D{@HQVZFSDgAEQDe@PQEuBI_@ME?_@FBKLHGLBFGRj@Ch@UUo@}B]Y]q@[QQkA]}Ae@gAE}Ag@m@e@CGgAMMMg@@c@NA\w@@g@uAoDs@yAVGp@q@d@w@`E_EpIaKjCmC|@qBl@q@FYCyAwA_Pi@}HEgBQcCAq@F_B^qBOo@FKt@BTaBIq@_@_@AwANq@M]?g@JyA`@MhAeB@_DGSAqFD{BH}@h@o@fDuAf@c@HSCs@Wi@Ce@KSEiANi@|BeAF_ACiCk@{B?{@HYGQa@_@?PMNs@GcCsArAWLFZn@\B\Y\B~@oAVGHa@Aw@FKM]FkBjAsBPCd@wADeDIMUf@[@OQIu@Nq@j@QSe@IH?[i@k@a@{@SBM^k@`@AN_@Hy@x@UHWd@U@Ua@QeABe@x@mAPi@[wB?c@VcACUEOu@KQw@OOeA@k@o@q@CQq@MyBk@g@?WhAcD`BmDh@qABWT[l@oB~DoIbA{C~BaFzA{DINh@}@v@eC~ByFn@gAjB}E`CkFpA}Cn@uBj@{@Xy@f@oBd@k@^w@jAmCX_@bB{ERMd@hAf@YXV,2
29,2,Rolling rolling rolling,85677.6,9099,12178,521.0,Ride,Ride,10.0,9745454749,2023-08-29T17:06:34Z,2023-08-29T18:06:34Z,(GMT+00:00) Europe/London,3600.0,,,United Kingdom,10,34,0,5,0,False,False,False,False,everyone,False,b12428868,"[51.43077087588608, -0.3562416974455118]","[51.431231712922454, -0.3583686053752899]",9.416,16.581,83.2,13.0,241.9,1041.0,265.0,2201.0,True,True,133.8,168.0,False,True,105.4,14.6,10447923860,10447923860,2023-08-29-170634-ELEMNT BOLT 184C-73-0.fit,False,0,0,False,2433729,1,a9745454749,ia|xHpqdAbDsNnDdAdHqe@zAoWdDsXv@k@~Hr@hGwExKq[jD_f@tFoU`Kg]rOwLbDgOrFgEtFsIqAyEx@iScBeGu@c@XSa@}@cDkCqJZ_J_FeQw_ATiFaEaf@wQcBaFXmG`A{OnH}LnBmCw@aEcFoBCwInG{NvNwP|@uMbHwHvAyN`HoKr@_HbCfE_e@F}Yo@}GgGcY_Ec]gBa[EuWe@aI_E__@qCmLhCkEdMaEfTtDf]EhFvAjHLzEdC`Lt@eBpWo@zYsAvCoEzDu@xBPx[lAhJpIb_@dD~ItLhT~DpKoXrW}Pz@oMdH_HjAyN`HyLfAkFrBsAxE|Gb@xHpH\l@O`AaMvAyFlFwJpHuYhJaHzIfS~e@~Al@fCbGdFJrH|g@xOn^tCvARtAUpC_f@r`AFhEpBzRtF~Xv[vaAvQp[dI|VnA`B^tCdd@`tAnH`k@tJnn@zFfSvFrYbB`EtCnDf^xUlEvFdEjLvDvUdErPjCvGfCxAV~CU|AwA`B}@nJaWzyD}Bly@{D~ZgIfj@oBfCqSfq@i@~Fg@jXqA`JgQp_@uCfKcDpQeDxIqCbA}ArAsDbJoKb|@uBf`AmCvK}ItNN|BtAtDlWvLxZ~`@dC`AdB_BF}Bm@mB{CHkErHg@xGcC`@o@dAoUn_AmBnO?bOw@nHoBfFyHlKwF`Ss]hd@uCxHuBnLuBxCyGtGqIvCar@pw@kKhKOlGgApHaWrwAmArDwDhGgEhCYvB^lAp]v[`JrMrLxMxf@z\bDfD`T~f@lLvUvRjYvUrX`Rbj@vLpd@lBrCfBb@`[oEhTcMrCgGxGma@vB}CbHoEzEiF|RItOlEnLaD|LiNjMG`O{IxCHnCzBZk@wCod@p@_ZyIuKcAyIfEa\d@gJSmI}BuOeAkg@DaO~AmLpJuZ\wDkv@iuAmKoVmEsD_P{GiJoKkC{EuO{e@{F{M}A_JcI{YuHwTkEoGsKwJqCaHiCsVw@_n@wA{BFyFkBiHsGoJaIiH{LgGwHuBkEBeAsAi@wC^kE~EeDjHuIxBwEpAyFl@cIZsb@t@cSvKk~@fBkFfE{E^{CrEuBjJ_a@`Qi`@fAkHj@aXt@gIdTgr@HeC~BeE`Ge`@|Dq]xBmu@`Y_iEwA_ImFuNaFo^gEeN}GuIw\sTeFyI}FeZmGmUsSuxAid@euAwLa^mPuX_Zk}@wGgYkE{_@rFuL|JeN^uCrJgLw@oE`@_BfHiIl@fEhElDhBxCxA`Gr@rNYh\fBbMtGjJfMtX`N`RpSpMrSpFfLlG}DtR,2
